<option value='al-bcso'>Baldwin County Sheriff's Office, Alabama</option>
<option value='al-ccso'>Calhoun County Sheriff's Office, Alabama</option>
<option value='al-ccj'>Chambers County Jail,     Alabama</option>
<option value='al-chso'>Cherokee County Sheriff's Office, Alabama</option>
<option value='al-ccsd'>Coffee Co Sheriff's Dept, Alabama</option>
<option value='al-colb'>Colbert County Sheriff’s Office, Alabama</option>
<option value='al-coso'>Coosa County Sheriff's Office, Alabama</option>
<option value='al-dale'>Dale County Sheriff's Office, Alabama</option>
<option value='al-dcso'>DeKalb County Sheriff's Office, Alabama</option>
<option value='al-ecsd'>Elmore Co Sheriff's Dept, Alabama</option>
<option value='al-ecso'>Etowah County Sheriff's Office, Alabama</option>
<option value='al-fcso'>Fayette County Sheriff's Office, Alabama</option>
<option value='al-fran'>Franklin County Sheriff's Office, Alabama</option>
<option value='al-jack'>Jackson County Sheriff's Office, Alabama</option>
<option value='al-jcso'>Jefferson County Sheriff's Office, Alabama</option>
<option value='al-mcsd'>Madison County Sheriff's Department, Alabama</option>
<option value='al-mari'>Marion County Sheriff’s Office, Alabama</option>
<option value='al-mlso'>Marshall County Sheriff's Office, Alabama</option>
<option value='al-mcso'>Mobile County Sheriff's Office, Alabama</option>
<option value='al-myso'>Montgomery County Sheriff's Office, Alabama</option>
<option value='al-mnso'>Morgan County Sheriff's Office, Alabama</option>
<option value='al-pcso'>Pickens County Sheriff’s Office, Alabama</option>
<option value='al-pike'>Pike County Sheriff’s Office, Alabama</option>
<option value='al-scso'>Shelby County Sheriff's Office, Alabama</option>
<option value='al-tpd'>Trussville Police Department  *, Alabama</option>
<option value='al-tcso'>Tuscaloosa County Sheriff's Office, Alabama</option>
<option value='ak-apd'>Anchorage Police Department  *, Alaska</option>
<option value='az-ccso'>Cochise County Sheriff's Office, Arizona</option>
<option value='az-mcso'>Maricopa County Sheriff's Office, Arizona</option>
<option value='az-meso'>Mohave County Sheriff's Office, Arizona</option>
<option value='az-ncso'>Navajo County Sheriff's Office, Arizona</option>
<option value='az-pcso'>Pima County Sheriff's Office, Arizona</option>
<option value='az-plso'>Pinal County Sheriff's Office, Arizona</option>
<option value='az-spd'>Scottsdale Police Department, Arizona</option>
<option value='az-ycso'>Yavapai County Sheriff's Office, Arizona</option>
<option value='az-yuma'>Yuma County Sheriff's Office, Arizona</option>
<option value='ar-acso'>Arkansas Co Sheriff's Office, Arkansas</option>
<option value='ar-bcso'>Baxter County Sheriff's Office, Arkansas</option>
<option value='ar-bnso'>Benton County Sheriff's Office, Arkansas</option>
<option value='ar-beso'>Boone County Sheriff's Office, Arkansas</option>
<option value='ar-cbd'>Cabot Police Department, Arkansas</option>
<option value='ar-chso'>Calhoun Co Sheriff's Office, Arkansas</option>
<option value='ar-cpd'>Carlisle Police Department, Arkansas</option>
<option value='ar-clcj'>Carroll County Jail, Arkansas</option>
<option value='ar-ckso'>Clark County Sheriff's Office, Arkansas</option>
<option value='ar-cyso'>Clay Co Sheriff's Office, Arkansas</option>
<option value='ar-cbcj'>Cleburne County Jail, Arkansas</option>
<option value='ar-clso'>Cleveland Co Sheriff's Office, Arkansas</option>
<option value='ar-cbso'>Columbia County Sheriff's Office, Arkansas</option>
<option value='ar-cycj'>Conway County Jail, Arkansas</option>
<option value='ar-ccsd'>Crawford Co Sheriff's Dept, Arkansas</option>
<option value='ar-crit'>Crittenden County Sheriff's Office, Arkansas</option>
<option value='ar-ccso'>Cross County Sheriff's Office, Arkansas</option>
<option value='ar-crd'>Crossett Police Department, Arkansas</option>
<option value='ar-dcso'>Drew Co Sheriff's Office, Arkansas</option>
<option value='ar-dcj'>Dumas City Jail, Arkansas</option>
<option value='ar-epd'>England Police Department, Arkansas</option>
<option value='ar-facj'>Faulkner County Jail, Arkansas</option>
<option value='ar-fncj'>Franklin County Jail, Arkansas</option>
<option value='ar-fcso'>Fulton Co Sheriff's Office, Arkansas</option>
<option value='ar-gcso'>Garland County Sheriff's Office, Arkansas</option>
<option value='ar-gtso'>Grant Co Sheriff's Office, Arkansas</option>
<option value='ar-grso'>Greene Co Sheriff's Office, Arkansas</option>
<option value='ar-hecj'>Hempstead County Jail, Arkansas</option>
<option value='ar-hscso'>Hot Spring County Sheriff's Office, Arkansas</option>
<option value='ar-hcso'>Howard County Sheriff's Office, Arkansas</option>
<option value='ar-icsd'>Independence Co Sheriff's Dept, Arkansas</option>
<option value='ar-icso'>Izard Co Sheriff's Office, Arkansas</option>
<option value='ar-jkso'>Jackson County Sheriff's Office, Arkansas</option>
<option value='ar-jnso'>Jefferson County Sheriff's Office, Arkansas</option>
<option value='ar-jcso'>Johnson County Sheriff's Office, Arkansas</option>
<option value='ar-lwcj'>Lawrence County Jail, Arkansas</option>
<option value='ar-leec'>Lee County Sheriff's Office, Arkansas</option>
<option value='ar-lcsd'>Lincoln Co Sheriff's Dept, Arkansas</option>
<option value='ar-lrcso'>Little River Co Sheriff's Office, Arkansas</option>
<option value='ar-lgcj'>Logan County Jail, Arkansas</option>
<option value='ar-lpd'>Lonoke Police Department, Arkansas</option>
<option value='ar-mdcj'>Madison County Jail, Arkansas</option>
<option value='ar-mcso'>Marion County Sheriff's Office, Arkansas</option>
<option value='ar-mpd'>McGehee Police Department, Arkansas</option>
<option value='ar-mlso'>Miller County Sheriff's Office, Arkansas</option>
<option value='ar-msso'>Mississippi County Sheriff's Office, Arkansas</option>
<option value='ar-mnso'>Monroe Co Sheriff's Office, Arkansas</option>
<option value='ar-mtso'>Montgomery Co Sheriff's Office, Arkansas</option>
<option value='ar-ncso'>Newton Co Sheriff's Office, Arkansas</option>
<option value='ar-opd'>Osceola Police Department, Arkansas</option>
<option value='ar-ocsd'>Ouachita Co Sheriff's Dept, Arkansas</option>
<option value='ar-prso'>Perry Co Sheriff's Office, Arkansas</option>
<option value='ar-pocj'>Poinsett County Jail, Arkansas</option>
<option value='ar-pcso'>Pope Co Sheriff's Office, Arkansas</option>
<option value='ar-pula'>Pulaski County Sheriff's Office, Arkansas</option>
<option value='ar-rcso'>Randolph Co Sheriff's Office, Arkansas</option>
<option value='ar-sacj'>Saline County Jail, Arkansas</option>
<option value='ar-scso'>Scott County Sheriff's Office, Arkansas</option>
<option value='ar-scsd'>Searcy Co Sheriff's Dept, Arkansas</option>
<option value='ar-sbstn'>Sebastian County Sheriff's Office, Arkansas</option>
<option value='ar-svso'>Sevier Co Sheriff's Office, Arkansas</option>
<option value='ar-shso'>Sharp County Sheriff's Office, Arkansas</option>
<option value='ar-sfso'>St. Francis County Sheriff's Office, Arkansas</option>
<option value='ar-stso'>Stone County Sheriff's Office, Arkansas</option>
<option value='ar-vbcso'>Van Buren Co Sheriff's Office, Arkansas</option>
<option value='ar-wacj'>Washington County Jail  *, Arkansas</option>
<option value='ar-wash'>Washington County Sheriff's Office, Arkansas</option>
<option value='ar-wcsd'>White Co Sheriff's Dept, Arkansas</option>
<option value='ar-wcso'>Woodruff Co Sheriff's Office, Arkansas</option>
<option value='ar-ycj'>Yell County Jail #2, Arkansas</option>
<option value='ca-acso'>Alameda County Sheriff's Office, California</option>
<option value='ca-fcso'>Fresno County Sheriff's Office, California</option>
<option value='ca-kcso'>Kern Co Sheriff's Dept, California</option>
<option value='ca-king'>Kings County Sheriff's Office, California</option>
<option value='ca-lcso'>Los Angeles County Sheriff's Department, California</option>
<option value='ca-mend'>Mendocino County Sheriff's Office, California</option>
<option value='ca-mcso'>Monterey Co Sheriff's Office, California</option>
<option value='ca-ocsd'>Orange County Sheriff's Department, California</option>
<option value='ca-rcsd'>Riverside County Sheriff's Department, California</option>
<option value='ca-sber'>San Bernardino County Sheriff's Office, California</option>
<option value='ca-sdsd'>San Diego County Sheriff's Department, California</option>
<option value='ca-sfso'>San Francisco County Sheriff's Office, California</option>
<option value='ca-sjsd'>San Joaquin Co Sheriff's Dept, California</option>
<option value='ca-slso'>Solano County Sheriff's Office, California</option>
<option value='ca-snso'>Sonoma County Sheriff's Office, California</option>
<option value='ca-scsd'>Stanislaus County Sheriff's Department, California</option>
<option value='ca-tcso'>Tulare County Sheriff's Office, California</option>
<option value='ca-vcso'>Ventura County Sheriff's Office, California</option>
<option value='co-adms'>Adams County Sheriff's Office, Colorado</option>
<option value='co-acg'>Arapahoe County Government, Colorado</option>
<option value='co-acso'>Archuleta County Sheriff's Office, Colorado</option>
<option value='co-bcso'>Bent County Sheriff's Office, Colorado</option>
<option value='co-cccso'>Clear Creek Co Sheriff's Office, Colorado</option>
<option value='co-ccso'>Conejos Co Sheriff's Office, Colorado</option>
<option value='co-csso'>Custer Co Sheriff's Office, Colorado</option>
<option value='co-dcso'>Douglas County Sheriff's Office, Colorado</option>
<option value='co-epco'>El Paso County Sheriff's Office, Colorado</option>
<option value='co-ecso'>Elbert County Sheriff's Office, Colorado</option>
<option value='co-fcso'>Fremont Co Sheriff's Office, Colorado</option>
<option value='co-gcso'>Garfield Co Sheriff's Office, Colorado</option>
<option value='co-glso'>Gilpin Co Sheriff's Office, Colorado</option>
<option value='co-grso'>Grand County Sheriff's Office, Colorado</option>
<option value='co-jcso'>Jefferson County Sheriff's Office, Colorado</option>
<option value='co-kccso'>Kit Carson County Sheriff's Office, Colorado</option>
<option value='co-lpso'>La Plata Sheriff's Office, Colorado</option>
<option value='co-lkso'>Lake County Sheriff's Office, Colorado</option>
<option value='co-lrso'>Larimer Co Sheriff's Office, Colorado</option>
<option value='co-lcso'>Lincoln Co Sheriff's Office, Colorado</option>
<option value='co-mcso'>Moffat County Sheriff's Office, Colorado</option>
<option value='co-mnso'>Montezuma Co Sheriff's Office, Colorado</option>
<option value='co-ocso'>Otero Co Sheriff's Office, Colorado</option>
<option value='co-pcsd'>Pitkin Co Sheriff's Dept, Colorado</option>
<option value='co-pcso'>Pueblo Co Sheriff's Office, Colorado</option>
<option value='co-rcso'>Routt Co Sheriff's Office, Colorado</option>
<option value='co-ycsd'>Yuma Co Sheriff's Dept, Colorado</option>
<option value='ct-cdc'>Connecticut Dept of Corrections, Connecticut</option>
<option value='fl-alac'>Alachua County Sheriff's Office, Florida</option>
<option value='fl-brad'>Bradford County Sheriff's Office, Florida</option>
<option value='fl-bcso'>Brevard County Sheriff's Office, Florida</option>
<option value='fl-bso'>Broward Sheriff's Office, Florida</option>
<option value='fl-chso'>Charlotte Co Sheriff's Office, Florida</option>
<option value='fl-coll'>Collier County Sheriff's Office, Florida</option>
<option value='fl-ccso'>Columbia County Sheriff's Office, Florida</option>
<option value='fl-dcso'>Desoto County Sheriff's Office, Florida</option>
<option value='fl-ecso'>Escambia County Sheriff's Office, Florida</option>
<option value='fl-flag'>Flagler County Sheriff's Office, Florida</option>
<option value='fl-fcso'>Franklin Co Sheriff's Office, Florida</option>
<option value='fl-gcso'>Gadsden County Sheriff's Office, Florida</option>
<option value='fl-giso'>Gilchrist County Sheriff’s Office, Florida</option>
<option value='fl-glds'>Glades County Sheriff's Office, Florida</option>
<option value='fl-hmltn'>Hamilton County Sheriff's Office, Florida</option>
<option value='fl-hrso'>Hardee County Sheriff's Office, Florida</option>
<option value='fl-hndr'>Hendry County Sheriff's Office, Florida</option>
<option value='fl-hern'>Hernando County Sheriff's Office, Florida</option>
<option value='fl-hcso'>Hillsborough County Sheriff's Office, Florida</option>
<option value='fl-hlso'>Holmes County Sheriff's Office, Florida</option>
<option value='fl-jso'>Jacksonville Sheriff's Office, Florida</option>
<option value='fl-lake'>Lake County Sheriff's Office, Florida</option>
<option value='fl-lcso'>Lee County Sheriff's Office, Florida</option>
<option value='fl-levy'>Levy County Sheriff's Office, Florida</option>
<option value='fl-mana'>Manatee County Sheriff's Office, Florida</option>
<option value='fl-mcso'>Marion County Sheriff's Office, Florida</option>
<option value='fl-mart'>Martin County Sheriff's Office, Florida</option>
<option value='fl-mdc'>Miami-Dade County Corrections, Florida</option>
<option value='fl-monr'>Monroe County Sheriff's Office, Florida</option>
<option value='fl-ncso'>Nassau County Sheriff's Office, Florida</option>
<option value='fl-ocj'>Okeechobee County Jail, Florida</option>
<option value='fl-occ'>Orange County Corrections, Florida</option>
<option value='fl-occd'>Osceola County Corrections Department, Florida</option>
<option value='fl-pbso'>Palm Beach County Sheriff's Office, Florida</option>
<option value='fl-pso'>Pasco Sheriff's Office, Florida</option>
<option value='fl-pcso'>Pinellas County Sheriff's Office, Florida</option>
<option value='fl-pkso'>Polk County Sheriff's Office, Florida</option>
<option value='fl-putn'>Putnam County Sheriff's Office, Florida</option>
<option value='fl-srcso'>Santa Rosa County Sheriff's Office, Florida</option>
<option value='fl-sara'>Sarasota County Sheriff's Office, Florida</option>
<option value='fl-sjcso'>St. Johns County Sheriff's Office, Florida</option>
<option value='fl-slcs'>St. Lucie County Sheriff's Office, Florida</option>
<option value='fl-smtr'>Sumter County Sheriff’s Office, Florida</option>
<option value='fl-suwa'>Suwannee County Sheriff's Office, Florida</option>
<option value='fl-vcc'>Volusia County Corrections, Florida</option>
<option value='fl-wcso'>Walton County Sheriff's Office, Florida</option>
<option value='ga-ccso'>Chatham County Sheriff's Office, Georgia</option>
<option value='ga-cobb'>Cobb County Adult Detention Facilities, Georgia</option>
<option value='ga-colum'>Columbia County Sheriff's Office, Georgia</option>
<option value='ga-cwt'>Coweta County Sheriff’s Office, Georgia</option>
<option value='ga-dcso'>Dawson County Sheriff's Office, Georgia</option>
<option value='ga-dgls'>Douglas County Sheriff's Office, Georgia</option>
<option value='ga-ftt'>Fayette County Sheriff's Office, Georgia</option>
<option value='ga-fld'>Floyd County Sheriff's Office, Georgia</option>
<option value='ga-fcso'>Fulton County Sheriff's Office, Georgia</option>
<option value='ga-gcsd'>Gwinnett County Sheriff's Department, Georgia</option>
<option value='ga-hcso'>Hall County Sheriff's Office, Georgia</option>
<option value='ga-lcso'>Lumpkin County Sheriff's Office, Georgia</option>
<option value='ga-ocso'>Oconee County Sheriff's Office, Georgia</option>
<option value='ga-pcso'>Paulding County Sheriff's Office, Georgia</option>
<option value='ga-walt'>Walton County Sheriff’s Office, Georgia</option>
<option value='ga-whte'>White County Sheriff's Office, Georgia</option>
<option value='ga-wcso'>Whitfield County Sheriff's Office, Georgia</option>
<option value='id-acso'>Ada County Sheriff's Office, Idaho</option>
<option value='id-amso'>Adams Co Sheriff's Office, Idaho</option>
<option value='id-bann'>Bannock County Sheriff’s Office, Idaho</option>
<option value='id-bnso'>Benewah County Sheriff's Office, Idaho</option>
<option value='id-bcso'>Bingham Co Sheriff's Office, Idaho</option>
<option value='id-blso'>Blaine County Sheriff's Office, Idaho</option>
<option value='id-btso'>Butte Co Sheriff's Office, Idaho</option>
<option value='id-cany'>Canyon County Sheriff's Office, Idaho</option>
<option value='id-ccso'>Cassia Co Sheriff's Office, Idaho</option>
<option value='id-ecso'>Elmore Co Sheriff's Office, Idaho</option>
<option value='id-fcso'>Fremont Co Sheriff's Office, Idaho</option>
<option value='id-gcso'>Gooding Co Sheriff's Office, Idaho</option>
<option value='id-jfso'>Jefferson Co Sheriff's Office, Idaho</option>
<option value='id-jcso'>Jerome County Sheriff's Office, Idaho</option>
<option value='id-lcso'>Lewis Co Sheriff's Office, Idaho</option>
<option value='id-mcso'>Madison County Sheriff's Office, Idaho</option>
<option value='id-ocso'>Owyhee Co Sheriff's Office, Idaho</option>
<option value='id-pyso'>Payette Co Sheriff's Office, Idaho</option>
<option value='id-pcso'>Power Co Sheriff's Office, Idaho</option>
<option value='id-scso'>Shoshone County Sheriff's Office, Idaho</option>
<option value='id-tfcso'>Twin Falls Co Sheriff's Office, Idaho</option>
<option value='id-vcso'>Valley Co Sheriff's Office, Idaho</option>
<option value='id-wcso'>Washington County Sheriff's Office, Idaho</option>
<option value='il-ccsd'>Clinton County Sheriff's Department, Illinois</option>
<option value='il-clso'>Coles Co Sheriff's Office, Illinois</option>
<option value='il-ccso'>Cook County Sheriff's Office, Illinois</option>
<option value='il-dcso'>DeKalb County Sheriff's Office, Illinois</option>
<option value='il-dupa'>Dupage County Sheriff's Office, Illinois</option>
<option value='il-gcsp'>Grundy County Sheriff's Police, Illinois</option>
<option value='il-kcso'>Kane County Sheriff's Office, Illinois</option>
<option value='il-lcso'>Lake County Sheriff's Office, Illinois</option>
<option value='il-leso'>Lee Co Sheriff's Office, Illinois</option>
<option value='il-mcso'>McHenry Co Sheriff's Office, Illinois</option>
<option value='il-pcso'>Peoria County Sheriff's Office, Illinois</option>
<option value='il-tcso'>Tazewell County Sheriff's Office, Illinois</option>
<option value='il-will'>Will County Sheriff's Office, Illinois</option>
<option value='il-wcso'>Winnebago County Sheriff's Office, Illinois</option>
<option value='in-acso'>Allen County Sheriff's Office, Indiana</option>
<option value='in-bcso'>Boone County Sheriff's Office, Indiana</option>
<option value='in-brwn'>Brown County Sheriff's Office, Indiana</option>
<option value='in-clso'>Clark County Sheriff's Office, Indiana</option>
<option value='in-ccsd'>Clay County Sheriff's Department, Indiana</option>
<option value='in-ccso'>Crawford County Sheriff's Office, Indiana</option>
<option value='in-dcso'>Dearborn County Sheriff's Office, Indiana</option>
<option value='in-dKso'>DeKalb County Sheriff's Office, Indiana</option>
<option value='in-dela'>Delaware County Sheriff’s Office, Indiana</option>
<option value='in-dbso'>Dubois County Sheriff's Office, Indiana</option>
<option value='in-gbcj'>Gibson County Jail, Indiana</option>
<option value='in-hc'>Hamilton County Sheriff's Office, Indiana</option>
<option value='in-hcso'>Hancock County Sheriff's Office, Indiana</option>
<option value='in-hend'>Hendricks County Sheriff's Office, Indiana</option>
<option value='in-howa'>Howard County Sheriff's Office, Indiana</option>
<option value='in-jack'>Jackson County Sheriff’s Office, Indiana</option>
<option value='in-jcso'>Jasper County Sheriff's Office, Indiana</option>
<option value='in-kcso'>Knox County Sheriff's Office, Indiana</option>
<option value='in-lpc'>La Porte County Sheriff's Office, Indiana</option>
<option value='in-mdsn'>Madison County Sheriff's Office, Indiana</option>
<option value='in-mcso'>Marion County Sheriff's Office, Indiana</option>
<option value='in-mmso'>Miami County Sheriff's Office, Indiana</option>
<option value='in-mont'>Montgomery County Sheriff's Office, Indiana</option>
<option value='in-ntcj'>Newton County Jail, Indiana</option>
<option value='in-perr'>Perry County Sheriff's Office, Indiana</option>
<option value='in-pcso'>Pulaski County Sheriff's Office, Indiana</option>
<option value='in-putn'>Putnam County Sheriff's Office, Indiana</option>
<option value='in-rcso'>Ripley County Sheriff's Office, Indiana</option>
<option value='in-scot'>Scott County Sheriff's Office, Indiana</option>
<option value='in-scso'>Scott County Sheriff's Office, Indiana</option>
<option value='in-sjc'>St. Joseph County Police Department, Indiana</option>
<option value='in-strk'>Starke County Sheriff’s Office, Indiana</option>
<option value='in-stso'>Steuben County Sheriff's Office, Indiana</option>
<option value='in-tcso'>Tippecanoe County Sheriff's Office, Indiana</option>
<option value='in-vnso'>Vanderburgh County Sheriff's Office, Indiana</option>
<option value='in-vrso'>Vermillion County Sheriff's Office, Indiana</option>
<option value='in-vcso'>Vigo County Sheriff's Office, Indiana</option>
<option value='in-wcso'>Whitley County Sheriff's Office, Indiana</option>
<option value='ia-amso'>Adams Co Sheriff's Office, Iowa</option>
<option value='ia-apcj'>Appanoose County Jail, Iowa</option>
<option value='ia-acso'>Audubon Co Sheriff's Office, Iowa</option>
<option value='ia-bhcso'>Black Hawk Co Sheriff's Office, Iowa</option>
<option value='ia-bnso'>Boone Co Sheriff's Office, Iowa</option>
<option value='ia-brso'>Bremer County Sheriff's Office, Iowa</option>
<option value='ia-bcso'>Buchanan Co Sheriff's Office, Iowa</option>
<option value='ia-bvcso'>Buena Vista Co Sheriff's Office, Iowa</option>
<option value='ia-btso'>Butler Co Sheriff's Office, Iowa</option>
<option value='ia-ccso'>Carroll Co Sheriff's Office, Iowa</option>
<option value='ia-csso'>Cass County Sheriff's Office, Iowa</option>
<option value='ia-cdso'>Cedar Co Sheriff's Office, Iowa</option>
<option value='ia-cgcso'>Cerro Gordo Co Sheriff's Office, Iowa</option>
<option value='ia-chso'>Chickasaw Co Sheriff's Office, Iowa</option>
<option value='ia-ckso'>Clarke Co Sheriff's Office, Iowa</option>
<option value='ia-clyso'>Clay County Sheriff's Office, Iowa</option>
<option value='ia-cyso'>Clayton Co Sheriff's Office, Iowa</option>
<option value='ia-ccsd'>Crawford Co Sheriff's Dept, Iowa</option>
<option value='ia-dcsd'>Dallas Co Sheriff's Dept, Iowa</option>
<option value='ia-dcso'>Davis Co Sheriff's Office, Iowa</option>
<option value='ia-dcj'>Decatur County Jail, Iowa</option>
<option value='ia-dlso'>Delaware Co Sheriff's Office, Iowa</option>
<option value='ia-dmcso'>Des Moines Co Sheriff's Office, Iowa</option>
<option value='ia-dubu'>Dubuque County Sheriff’s Office, Iowa</option>
<option value='ia-ecso'>Emmett Co Sheriff's Office, Iowa</option>
<option value='ia-fcso'>Fayette County Sheriff's Office, Iowa</option>
<option value='ia-gcso'>Grundy Co Sheriff's Office, Iowa</option>
<option value='ia-hrso'>Hardin County Sheriff's Office, Iowa</option>
<option value='ia-hcso'>Harrison Co Sheriff's Office, Iowa</option>
<option value='ia-hcsd'>Henry Co Sheriff's Dept, Iowa</option>
<option value='ia-hmso'>Humboldt Co Sheriff's Office, Iowa</option>
<option value='ia-idc'>Iowa Department of Corrections, Iowa</option>
<option value='ia-jcso'>Jackson Co Sheriff's Office, Iowa</option>
<option value='ia-jsso'>Jasper Co Sheriff's Office, Iowa</option>
<option value='ia-jfso'>Jefferson Co Sheriff's Office, Iowa</option>
<option value='ia-jhso'>Johnson Co Sheriff's Office, Iowa</option>
<option value='ia-kcso'>Keokuk Co Sheriff's Office, Iowa</option>
<option value='ia-leso'>Lee Co Sheriff's Office, Iowa</option>
<option value='ia-lnso'>Linn Co Sheriff's Office, Iowa</option>
<option value='ia-lcso'>Louisa Co Sheriff's Office, Iowa</option>
<option value='ia-lsso'>Lucas Co Sheriff's Office, Iowa</option>
<option value='ia-mdso'>Madison Co Sheriff's Office, Iowa</option>
<option value='ia-mrso'>Marion County Sheriff's Office, Iowa</option>
<option value='ia-mrshll'>Marshall County Sheriff's Office, Iowa</option>
<option value='ia-mlso'>Mills Co Sheriff's Office, Iowa</option>
<option value='ia-mtso'>Mitchell Co Sheriff's Office, Iowa</option>
<option value='ia-mnso'>Monona Co Sheriff's Office, Iowa</option>
<option value='ia-mcso'>Monroe Co Sheriff's Office, Iowa</option>
<option value='ia-mgso'>Montgomery Co Sheriff's Office, Iowa</option>
<option value='ia-msso'>Muscatine Co Sheriff's Office, Iowa</option>
<option value='ia-ocso'>O'Brien Co Sheriff's Office, Iowa</option>
<option value='ia-pgso'>Page Co Sheriff's Office, Iowa</option>
<option value='ia-plso'>Plymouth Co Sheriff's Office, Iowa</option>
<option value='ia-phso'>Pocahontas Co Sheriff's Office, Iowa</option>
<option value='ia-pcso'>Polk County Sheriff's Office, Iowa</option>
<option value='ia-ptso'>Pottawattamie Co Sheriff's Office, Iowa</option>
<option value='ia-pwso'>Poweshiek Co Sheriff's Office, Iowa</option>
<option value='ia-sccj'>Scott County Jail, Iowa</option>
<option value='ia-scso'>Shelby Co Sheriff's Office, Iowa</option>
<option value='ia-stcj'>Story County Jail, Iowa</option>
<option value='ia-tcso'>Tama Co Sheriff's Office, Iowa</option>
<option value='ia-vbcso'>Van Buren Co Sheriff's Office, Iowa</option>
<option value='ia-wpso'>Wapello Co Sheriff's Office, Iowa</option>
<option value='ia-wyso'>Wayne County Sheriff's Office, Iowa</option>
<option value='ia-wcso'>Winneshiek Co Sheriff's Office, Iowa</option>
<option value='ia-wood'>Woodbury County Sheriff's Office, Iowa</option>
<option value='ia-wrso'>Wright Co Sheriff's Office, Iowa</option>
<option value='ks-ccso'>Cherokee County Sheriff’s Office, Kansas</option>
<option value='ks-pcso'>Pratt County Sheriff’s Office, Kansas</option>
<option value='ks-scso'>Sedgwick County Sheriff's Office, Kansas</option>
<option value='ky-acso'>Adair County Sheriff's Office, Kentucky</option>
<option value='ky-acdc'>Allen County Detention Center, Kentucky</option>
<option value='ky-bcdc'>Ballard County Detention Center, Kentucky</option>
<option value='ky-bndc'>Barren County Detention Center, Kentucky</option>
<option value='ky-bcj'>Bell County Jail, Kentucky</option>
<option value='ky-bsdc'>Big Sandy Regional Detention Center, Kentucky</option>
<option value='ky-budc'>Bourbon County Detention Center, Kentucky</option>
<option value='ky-bydc'>Boyd County Detention Center, Kentucky</option>
<option value='ky-bldc'>Boyle County Detention Center, Kentucky</option>
<option value='ky-bcso'>Breckenridge County Sheriff's Office, Kentucky</option>
<option value='ky-bddc'>Breckinridge County Detention Center, Kentucky</option>
<option value='ky-blso'>Bullitt County Sheriff's Office, Kentucky</option>
<option value='ky-ccj'>Calloway County Jail, Kentucky</option>
<option value='ky-cpdc'>Campbell County Detention Center, Kentucky</option>
<option value='ky-ccdc'>Carroll County Detention Center, Kentucky</option>
<option value='ky-cadc'>Carter County Detention Center, Kentucky</option>
<option value='ky-cyj'>Casey County Jail, Kentucky</option>
<option value='ky-ccsd'>Christian County Sheriff's Department, Kentucky</option>
<option value='ky-ckdc'>Clark County Detention Center, Kentucky</option>
<option value='ky-cldc'>Clay County Detention Center, Kentucky</option>
<option value='ky-ctdc'>Crittenden County Detention Center, Kentucky</option>
<option value='ky-dcdc'>Daviess County Detention Center, Kentucky</option>
<option value='ky-fcrj'>Franklin County Regional Jail, Kentucky</option>
<option value='ky-fcdc'>Fulton County Detention Center, Kentucky</option>
<option value='ky-gcj'>Grant County Jail, Kentucky</option>
<option value='ky-gcsd'>Grayson County Sheriff's Department, Kentucky</option>
<option value='ky-grsd'>Greenup County Sheriff's Department, Kentucky</option>
<option value='ky-hcdc'>Hardin County Detention Center, Kentucky</option>
<option value='ky-hndc'>Harlan County Detention Center, Kentucky</option>
<option value='ky-hcj'>Hart County Jail, Kentucky</option>
<option value='ky-hedc'>Henderson County Detention Center, Kentucky</option>
<option value='ky-hcso'>Hickman County Sheriff's Office, Kentucky</option>
<option value='ky-hocj'>Hopkins County Jail, Kentucky</option>
<option value='ky-jcdc'>Jackson County Detention Center, Kentucky</option>
<option value='ky-jcso'>Jessamine County Sheriff's Office, Kentucky</option>
<option value='ky-kcdc'>Kenton County Detention Center, Kentucky</option>
<option value='ky-kcso'>Knox County Sheriff's Office, Kentucky</option>
<option value='ky-lcdc'>Larue County Detention Center, Kentucky</option>
<option value='ky-lccc'>Laurel County Correctional Center, Kentucky</option>
<option value='ky-ledc'>Leslie County Detention Center, Kentucky</option>
<option value='ky-lcso'>Letcher County Sheriff's Office, Kentucky</option>
<option value='ky-lsdc'>Lewis County Detention Center, Kentucky</option>
<option value='ky-lnrj'>Lincoln County Regional Jail, Kentucky</option>
<option value='ky-lcj'>Logan County Jail, Kentucky</option>
<option value='ky-mcdc'>Madison County Detention Center, Kentucky</option>
<option value='ky-mndc'>Marion County Detention Center, Kentucky</option>
<option value='ky-mcso'>Marshall County Sheriff's Office, Kentucky</option>
<option value='ky-madc'>Mason County Detention Center, Kentucky</option>
<option value='ky-mccj'>McCracken County Jail  *, Kentucky</option>
<option value='ky-mrdc'>McCreary County Dention Center  *, Kentucky</option>
<option value='ky-mcsd'>Meade County Sheriff's Department, Kentucky</option>
<option value='ky-mecc'>Monroe County Correctional Center, Kentucky</option>
<option value='ky-mgrj'>Montgomery County Regional Jail, Kentucky</option>
<option value='ky-mhsd'>Muhlenberg County Sheriff's Department, Kentucky</option>
<option value='ky-ncso'>Nelson County Sheriff's Office, Kentucky</option>
<option value='ky-ocdc'>Ohio County Detention Center, Kentucky</option>
<option value='ky-ocj'>Oldham County Jail, Kentucky</option>
<option value='ky-prso'>Perry County Sheriff's Office, Kentucky</option>
<option value='ky-pcdc'>Pike County Detention Center, Kentucky</option>
<option value='ky-pcso'>Powell County Sheriff's Office, Kentucky</option>
<option value='ky-pudc'>Pulaski County Detention Center, Kentucky</option>
<option value='ky-rcdc'>Rockcastle County Detention Center, Kentucky</option>
<option value='ky-rcsd'>Rowan County Sheriff's Department, Kentucky</option>
<option value='ky-rsdc'>Russell County Detention Center, Kentucky</option>
<option value='ky-stsd'>Scott County Sheriff's Department, Kentucky</option>
<option value='ky-scsd'>Shelby County Sheriff's Department, Kentucky</option>
<option value='ky-scdc'>Simpson County Detention Center, Kentucky</option>
<option value='ky-tcdc'>Taylor County Detention Center, Kentucky</option>
<option value='ky-tfrj'>Three Forks Regional Jail, Kentucky</option>
<option value='ky-ucj'>Union County Jail, Kentucky</option>
<option value='ky-wcso'>Warren County Sheriff's Office, Kentucky</option>
<option value='ky-wayne'>Wayne County Sheriff’s Office, Kentucky</option>
<option value='ky-wcj'>Webster County Jail  *, Kentucky</option>
<option value='ky-wcdc'>Whitley County Detention Center, Kentucky</option>
<option value='ky-wddc'>Woodford County Detention Center, Kentucky</option>
<option value='la-acso'>Allen Parish County Sheriff’s Office, Louisiana</option>
<option value='la-apso'>Ascension Parish County Sheriff's Office, Louisiana</option>
<option value='la-cadd'>Caddo Parish Sheriff's Office, Louisiana</option>
<option value='la-lpcso'>Lafourche Parish County Sheriff's Office, Louisiana</option>
<option value='la-opso'>Ouachita Parish County Sheriff's Office, Louisiana</option>
<option value='la-rpso'>Rapides Parish County Sheriff's Office, Louisiana</option>
<option value='la-sjpso'>St. James Parish County Sheriff's Office, Louisiana</option>
<option value='la-smpso'>St. Mary Parish County Sheriff’s Office, Louisiana</option>
<option value='md-bcso'>Baltimore County Sheriff's Office, Maryland</option>
<option value='md-dcso'>Dorchester County Sheriff's Office, Maryland</option>
<option value='md-mont'>Montgomery County Sheriff's Office, Maryland</option>
<option value='md-pg'>Prince George's County, Maryland</option>
<option value='mi-acsd'>Alpena Co Sheriff's Dept, Michigan</option>
<option value='mi-bcsd'>Barry Co Sheriff's Dept, Michigan</option>
<option value='mi-ccsd'>Clinton Co Sheriff's Dept, Michigan</option>
<option value='mi-ecso'>Eaton County Sheriff's Office, Michigan</option>
<option value='mi-icsd'>Isabella Co Sheriff's Dept, Michigan</option>
<option value='mi-jcso'>Jackson County Sheriff's Office, Michigan</option>
<option value='mi-kcsd'>Kent County Sheriff's Department, Michigan</option>
<option value='mi-lcso'>Lake County Sheriff's Office, Michigan</option>
<option value='mi-mcso'>Macomb County Sheriff's Office, Michigan</option>
<option value='mi-mtso'>Mecosta Co Sheriff's Office, Michigan</option>
<option value='mi-mnsd'>Menominee Co Sheriff's Dept, Michigan</option>
<option value='mi-mcsd'>Midland Co Sheriff's Dept, Michigan</option>
<option value='mi-monr'>Monroe County Sheriff's Office, Michigan</option>
<option value='mi-mnso'>Montcalm Co Sheriff's Office, Michigan</option>
<option value='mi-musk'>Muskegon County Sheriff's Office, Michigan</option>
<option value='mi-oakl'>Oakland Sheriff's Office, Michigan</option>
<option value='mi-wayn'>Wayne County Sheriff's Office, Michigan</option>
<option value='mn-acso'>Anoka County Sheriff's Office, Minnesota</option>
<option value='mn-hcso'>Hennepin County Sheriff's Office, Minnesota</option>
<option value='mn-mcso'>Mower County Sheriff’s Office, Minnesota</option>
<option value='mn-scj'>Scott County Jail, Minnesota</option>
<option value='mn-wrcj'>Wright County Jail, Minnesota</option>
<option value='ms-acso'>Adams County Sheriff's Office, Mississippi</option>
<option value='ms-bcsd'>Bolivar County Sheriff's Dept, Mississippi</option>
<option value='ms-cnsd'>Calhoun County Sheriff's Department, Mississippi</option>
<option value='ms-ccsd'>Choctaw County Sheriff's Dept, Mississippi</option>
<option value='ms-clsd'>Clarke County Sheriff's Dept, Mississippi</option>
<option value='ms-clay'>Clay County Sheriff's Office, Mississippi</option>
<option value='ms-ccso'>Covington County Sheriff's Office, Mississippi</option>
<option value='ms-deso'>DeSoto County Sheriff's Office, Mississippi</option>
<option value='ms-fcso'>Forrest County Sheriff's Office, Mississippi</option>
<option value='ms-gcso'>George County Sheriff's Office, Mississippi</option>
<option value='ms-hanc'>Hancock County Sheriff's Office, Mississippi</option>
<option value='ms-hcso'>Harrison County Sheriff's Office, Mississippi</option>
<option value='ms-hind'>Hinds County Sheriff's Office, Mississippi</option>
<option value='ms-hlsd'>Holmes County Sheriff's Dept, Mississippi</option>
<option value='ms-hcsd'>Humphreys County Sheriff's Dept, Mississippi</option>
<option value='ms-jcsd'>Jackson County Sheriff's Dept, Mississippi</option>
<option value='ms-jssd'>Jasper County Sheriff's Dept, Mississippi</option>
<option value='ms-jfsd'>Jefferson County Sheriff's Dept, Mississippi</option>
<option value='ms-jcso'>Jones County Sheriff's Office, Mississippi</option>
<option value='ms-kcsd'>Kemper County Sheriff's Dept, Mississippi</option>
<option value='ms-lama'>Lamar County Sheriff's Office, Mississippi</option>
<option value='ms-lcsd'>Lauderdale County Sheriff's Dept, Mississippi</option>
<option value='ms-lwso'>Lawrence County Sheriff's Office, Mississippi</option>
<option value='ms-lcso'>Leake County Sheriff's Office, Mississippi</option>
<option value='ms-lee'>Lee County Sheriff’s Office, Mississippi</option>
<option value='ms-ldso'>Lowndes County Sheriff's Office, Mississippi</option>
<option value='ms-mcso'>Monroe County Sheriff's Office, Mississippi</option>
<option value='ms-pcso'>Perry County Sheriff's Office, Mississippi</option>
<option value='ms-pcsd'>Pontotoc County Sheriff's Dept, Mississippi</option>
<option value='ms-prsd'>Prentiss County Sheriff's Department, Mississippi</option>
<option value='ms-rcsd'>Rankin County Sheriff's Dept, Mississippi</option>
<option value='ms-scso'>Scott County Sheriff's Office, Mississippi</option>
<option value='ms-scsd'>Smith County Sheriff's Dept, Mississippi</option>
<option value='ms-stsd'>Stone County Sheriff's Dept, Mississippi</option>
<option value='ms-snso'>Sunflower County Sheriff's Office, Mississippi</option>
<option value='ms-tgsd'>Tishomingo County Sheriff's Department, Mississippi</option>
<option value='ms-tcso'>Tunica County Sheriff's Office, Mississippi</option>
<option value='ms-ucso'>Union County Sheriff's Office, Mississippi</option>
<option value='ms-wssd'>Washington County Sheriff's Dept, Mississippi</option>
<option value='ms-wcsd'>Wayne County Sheriff's Dept, Mississippi</option>
<option value='ms-wbso'>Webster County Sheriff's Office, Mississippi</option>
<option value='ms-wcso'>Wilkinson County Sheriff's Office, Mississippi</option>
<option value='ms-yasd'>Yalobusha County Sheriff's Department, Mississippi</option>
<option value='ms-ycso'>Yazoo County Sheriff's Office, Mississippi</option>
<option value='mo-acso'>Adair County Sheriff's Office, Missouri</option>
<option value='mo-asso'>Atchison County Sheriff's Office, Missouri</option>
<option value='mo-bcso'>Barry County Sheriff's Office, Missouri</option>
<option value='mo-brso'>Barton County Sheriff's Office, Missouri</option>
<option value='mo-btso'>Bates County Sheriff's Office, Missouri</option>
<option value='mo-bncj'>Benton County Jail, Missouri</option>
<option value='mo-boll'>Bollinger County Sheriff's Office, Missouri</option>
<option value='mo-bcsd'>Boone County Sheriff's Dept, Missouri</option>
<option value='mo-bpd'>Branson Police Dept, Missouri</option>
<option value='mo-bhso'>Buchanan County Sheriff's Office, Missouri</option>
<option value='mo-bcs'>Butler County Sheriff's dept, Missouri</option>
<option value='mo-ccso'>Caldwell County Sheriff's Office, Missouri</option>
<option value='mo-clso'>Callaway County Sheriff's Office, Missouri</option>
<option value='mo-camd'>Camden County Sheriff's Office, Missouri</option>
<option value='mo-cgcj'>Cape Girardeau County Jail, Missouri</option>
<option value='mo-cdso'>Cedar County Sheriff's Office, Missouri</option>
<option value='mo-ckso'>Clark County Sheriff's Office, Missouri</option>
<option value='mo-cyso'>Clay County Sheriff's Office, Missouri</option>
<option value='mo-coso'>Cole County Sheriff's Office, Missouri</option>
<option value='mo-cocj'>Cooper County Jail, Missouri</option>
<option value='mo-cwcj'>Crawford County Jail, Missouri</option>
<option value='mo-dcso'>Dunklin County Sheriff's Office, Missouri</option>
<option value='mo-fpd'>Florissant Police Department, Missouri</option>
<option value='mo-fcdc'>Franklin County Adult Detention Center, Missouri</option>
<option value='mo-gree'>Greene County Sheriff's Office, Missouri</option>
<option value='mo-gcso'>Grundy County Sheriff's Office, Missouri</option>
<option value='mo-hpd'>Hazelwood Police Department, Missouri</option>
<option value='mo-hycj'>Henry County Jail, Missouri</option>
<option value='mo-hlso'>Holt County Sheriff's Office, Missouri</option>
<option value='mo-hoco'>Howard County Sheriff's Office, Missouri</option>
<option value='mo-hcso'>Howell County Sheriff's Office, Missouri</option>
<option value='mo-jkdc'>Jackson County Detention Center, Missouri</option>
<option value='mo-jpso'>Jasper County Sheriff's Office, Missouri</option>
<option value='mo-jecj'>Jefferson County Jail, Missouri</option>
<option value='mo-jcso'>Johnson County Sheriff's Office, Missouri</option>
<option value='mo-lacj'>Laclede County Jail, Missouri</option>
<option value='mo-lcsd'>Lafayette County Sheriff's Dept, Missouri</option>
<option value='mo-lcso'>Lawrence County Sheriff's Office, Missouri</option>
<option value='mo-lnso'>Livingston County Sheriff's Office, Missouri</option>
<option value='mo-maco'>Macon County Sheriff's Office, Missouri</option>
<option value='mo-mhpd'>Maryland Heights Police Department, Missouri</option>
<option value='mo-mcdc'>McDonald County Sheriff's Office, Missouri</option>
<option value='mo-mcso'>Miller County Sheriff's Office, Missouri</option>
<option value='mo-mcs'>Mississippi County Sheriff's dept, Missouri</option>
<option value='mo-mdc'>Missouri Dept of Correction, Missouri</option>
<option value='mo-mcj'>Moniteau County Jail, Missouri</option>
<option value='mo-monr'>Monroe County Sheriff's Office, Missouri</option>
<option value='mo-mns'>Montgomery County Sheriff's dept, Missouri</option>
<option value='mo-mrso'>Morgan County Sheriff's Office, Missouri</option>
<option value='mo-nmcso'>New Madrid County Sheriff's Office, Missouri</option>
<option value='mo-ncso'>Nodaway County Sheriff's Office, Missouri</option>
<option value='mo-ocso'>Osage County Sheriff's Office, Missouri</option>
<option value='mo-pmso'>Pemiscot County Sheriff's Office, Missouri</option>
<option value='mo-pycj'>Perry County Jail, Missouri</option>
<option value='mo-ptso'>Pettis County Sheriff's Office, Missouri</option>
<option value='mo-pkso'>Pike County Sheriff's Office, Missouri</option>
<option value='mo-pcso'>Platte County Sheriff's Office, Missouri</option>
<option value='mo-pkcj'>Polk County Jail, Missouri</option>
<option value='mo-pscj'>Pulaski County Jail, Missouri</option>
<option value='mo-rcsd'>Randolph County Sheriff's Dept, Missouri</option>
<option value='mo-rcso'>Reynolds County Sheriff's Office, Missouri</option>
<option value='mo-slso'>Saline County Sheriff's Office, Missouri</option>
<option value='mo-sccj'>Scott County Jail, Missouri</option>
<option value='mo-scpd'>St. Charles Police Department, Missouri</option>
<option value='mo-sfcso'>St. Francois County Sheriff's Office, Missouri</option>
<option value='mo-slcpd'>St. Louis County Police Department, Missouri</option>
<option value='mo-slcso'>St. Louis County Sheriff's Office, Missouri</option>
<option value='mo-scsd'>Stoddard County Sheriff's Dept, Missouri</option>
<option value='mo-scso'>Stone County Sheriff's Office, Missouri</option>
<option value='mo-tacj'>Taney County Jail, Missouri</option>
<option value='mo-ucpd'>University City Police Department, Missouri</option>
<option value='mo-vcso'>Vernon County Sheriff's Office, Missouri</option>
<option value='mo-wrcj'>Warren County Jail, Missouri</option>
<option value='mt-rcso'>Ravalli County Sheriff's Office, Montana</option>
<option value='ne-dcdc'>Douglas County Sheriff's Office, Nebraska</option>
<option value='nv-clv'>City of Las Vegas, Nevada</option>
<option value='nv-ccdc'>Clark County Detention Center, Nevada</option>
<option value='nv-chn'>Henderson Detention Center, Nevada</option>
<option value='nv-lcso'>Lincoln County Sheriff's Office, Nevada</option>
<option value='nv-lcsd'>Lyon County Sheriff's Department, Nevada</option>
<option value='nv-pcso'>Pershing County Sheriff's Office, Nevada</option>
<option value='nv-scso'>Storey County Sheriff's Office, Nevada</option>
<option value='nv-wcso'>Washoe County Sheriff's Office, Nevada</option>
<option value='nv-wpcso'>White Pine County Sheriff's Office, Nevada</option>
<option value='nj-bcso'>Bergen County Sheriff's Office, New Jersey</option>
<option value='nj-ecdc'>Essex County Dept of Corrections, New Jersey</option>
<option value='nj-hcso'>Hudson County Sheriff's Office, New Jersey</option>
<option value='nj-mcso'>Mercer County Sheriff's Office, New Jersey</option>
<option value='nj-monm'>Monmouth County Sheriff's Office, New Jersey</option>
<option value='nj-ocea'>Ocean County Sheriff's Office, New Jersey</option>
<option value='nj-pass'>Passaic County Jail, New Jersey</option>
<option value='nm-bcsd'>Bernalillo County Sheriff’s Department, New Mexico</option>
<option value='nm-ccsd'>Catron County Sheriff's Dept, New Mexico</option>
<option value='nm-chsd'>Chaves County Sheriff's Dept, New Mexico</option>
<option value='nm-cbsd'>Cibola County Sheriff's Dept, New Mexico</option>
<option value='nm-ccdc'>Curry Co Detention Center, New Mexico</option>
<option value='nm-dacso'>Dona Ana County Sheriff's Office, New Mexico</option>
<option value='nm-gcdc'>Grant County Detention Center, New Mexico</option>
<option value='nm-hcso'>Hidalgo County Sheriff's Office, New Mexico</option>
<option value='nm-lacdc'>Los Alamos Co Detention Center, New Mexico</option>
<option value='nm-qcdc'>Quay County Detention Center, New Mexico</option>
<option value='nm-racdc'>Rio Arriba Co Detention Center, New Mexico</option>
<option value='nm-rcdc'>Roosevelt Co Detention Center, New Mexico</option>
<option value='nm-smcdc'>San Miguel Co Detention Center, New Mexico</option>
<option value='nm-scdc'>Sandoval Co Dentention Center, New Mexico</option>
<option value='nm-sfccd'>Santa Fe County Corrections Department, New Mexico</option>
<option value='nm-tcdc'>Torrance Co Detention Center, New Mexico</option>
<option value='nm-ucdf'>Union County Detention Facililty, New Mexico</option>
<option value='nm-vmdc'>Vigil Maldonado Detention Center, New Mexico</option>
<option value='ny-acso'>Allegany County Sheriff's Office, New York</option>
<option value='ny-bcj'>Broome County Jail, New York</option>
<option value='ny-ctso'>Cattaraugus County Sheriff's Office, New York</option>
<option value='ny-cyso'>Cayuga County Sheriff's Office, New York</option>
<option value='ny-chso'>Chemung County Sheriff's Office, New York</option>
<option value='ny-c'>Chenango, New York</option>
<option value='ny-clcj'>Clinton County Jail, New York</option>
<option value='ny-ccso'>Columbia County Sheriff's Office, New York</option>
<option value='ny-crso'>Cortland County Sheriff's Office, New York</option>
<option value='ny-dwcj'>Delaware County Jail, New York</option>
<option value='ny-excj'>Essex County Jail, New York</option>
<option value='ny-frcj'>Franklin County Jail, New York</option>
<option value='ny-gnso'>Genesee County Sheriff's Office, New York</option>
<option value='ny-gcso'>Greene County Sheriff's Office, New York</option>
<option value='ny-hcso'>Herkimer County Sheriff's Office, New York</option>
<option value='ny-jcso'>Jefferson County Sheriff's Office, New York</option>
<option value='ny-lwso'>Lewis County Sheriff's Office, New York</option>
<option value='ny-lcso'>Livingston County Sheriff's Office, New York</option>
<option value='ny-mcso'>Madison County Sheriff's Office, New York</option>
<option value='ny-nyc'>New York City Department of Corrections, New York</option>
<option value='ny-nicj'>Niagara County Jail, New York</option>
<option value='ny-olso'>Orleans County Sheriff's Office, New York</option>
<option value='ny-ocso'>Oswego County Sheriff's Office, New York</option>
<option value='ny-otcj'>Otsego County Jail, New York</option>
<option value='ny-pcso'>Putnam County Sheriff's Office, New York</option>
<option value='ny-rcso'>Rockland County Sheriff's Office, New York</option>
<option value='ny-slco'>Schuyler County Sheriff's Office, New York</option>
<option value='ny-sncj'>Seneca County Jail, New York</option>
<option value='ny-slcso'>St. Lawrence County Sheriff's Office, New York</option>
<option value='ny-stso'>Steuben County Sheriff's Office, New York</option>
<option value='ny-scso'>Sullivan County Sheriff's Office, New York</option>
<option value='ny-tcso'>Tioga County Sheriff's Office, New York</option>
<option value='ny-tmso'>Tompkins County Sheriff's Office, New York</option>
<option value='ny-wrso'>Warren County Sheriff's Office, New York</option>
<option value='ny-wcso'>Washington County Sheriff's Office, New York</option>
<option value='ny-wacj'>Wayne County Jail, New York</option>
<option value='ny-ycso'>Yates County Sheriff's Office, New York</option>
<option value='nc-amso'>Alamance County Sheriff's Office, North Carolina</option>
<option value='nc-also'>Alleghany County Sheriff's Office, North Carolina</option>
<option value='nc-asso'>Anson County Sheriff's Office, North Carolina</option>
<option value='nc-acso'>Ashe County Sheriff's Office, North Carolina</option>
<option value='nc-arso'>Avery County Sheriff's Office, North Carolina</option>
<option value='nc-bcso'>Bertie County Sheriff's Office, North Carolina</option>
<option value='nc-blso'>Bladen County Sheriff's Office, North Carolina</option>
<option value='nc-brsd'>Brunswick County Sheriff's Department, North Carolina</option>
<option value='nc-bnso'>Buncombe County Sheriff's Office, North Carolina</option>
<option value='nc-brso'>Burke County Sheriff's Office, North Carolina</option>
<option value='nc-cbso'>Cabarrus County Sheriff's Office, North Carolina</option>
<option value='nc-cwso'>Caldwell County Sheriff's Office, North Carolina</option>
<option value='nc-ctso'>Carteret County Sheriff's Office, North Carolina</option>
<option value='nc-csso'>Caswell County Sheriff's Office, North Carolina</option>
<option value='nc-chso'>Cherokee County Sheriff's Office, North Carolina</option>
<option value='nc-cyso'>Clay County Sheriff's Office, North Carolina</option>
<option value='nc-ccso'>Cleveland County Sheriff's Office, North Carolina</option>
<option value='nc-clso'>Columbus County Sheriff's Office, North Carolina</option>
<option value='nc-cmso'>Cumberland County Sheriff's Office, North Carolina</option>
<option value='nc-crso'>Currituck County Sheriff's Office, North Carolina</option>
<option value='nc-daso'>Dare County Sheriff's Office, North Carolina</option>
<option value='nc-dvso'>Davidson County Sheriff's Office, North Carolina</option>
<option value='nc-dcso'>Davie County Sheriff's Office, North Carolina</option>
<option value='nc-dpso'>Duplin County Sheriff's Office, North Carolina</option>
<option value='nc-drso'>Durham County Sheriff's Office, North Carolina</option>
<option value='nc-ecso'>Edgecombe County Sheriff's Office, North Carolina</option>
<option value='nc-fors'>Forsyth County Sheriff's Office, North Carolina</option>
<option value='nc-fcso'>Franklin County Sheriff's Office, North Carolina</option>
<option value='nc-ghso'>Graham County Sheriff's Office, North Carolina</option>
<option value='nc-gnso'>Granville County Sheriff's Office, North Carolina</option>
<option value='nc-grso'>Greene County Sheriff's Office, North Carolina</option>
<option value='nc-gcso'>Guilford County Sheriff's Office, North Carolina</option>
<option value='nc-hcso'>Halifax County Sheriff's Office, North Carolina</option>
<option value='nc-hyso'>Haywood County Sheriff's Office, North Carolina</option>
<option value='nc-hnso'>Henderson County Sheriff's Office, North Carolina</option>
<option value='nc-hrso'>Hertford County Sheriff's Office, North Carolina</option>
<option value='nc-hkso'>Hoke County Sheriff's Office, North Carolina</option>
<option value='nc-icso'>Iredell County Sheriff's Office, North Carolina</option>
<option value='nc-jkso'>Jackson County Sheriff's Office, North Carolina</option>
<option value='nc-jcso'>Jones County Sheriff's Office, North Carolina</option>
<option value='nc-lcso'>Lee County Sheriff's Office, North Carolina</option>
<option value='nc-lnso'>Lenoir County Sheriff's Office, North Carolina</option>
<option value='nc-linc'>Lincoln County Sheriff's Office, North Carolina</option>
<option value='nc-mcnso'>Macon County Sheriff's Office, North Carolina</option>
<option value='nc-mdso'>Madison County Sheriff's Office, North Carolina</option>
<option value='nc-dwso'>McDowell County Sheriff's Office, North Carolina</option>
<option value='nc-mcso'>Mecklenburg County Sheriff's Office, North Carolina</option>
<option value='nc-mnso'>Montgomery County Sheriff's Office, North Carolina</option>
<option value='nc-mrso'>Moore County Sheriff's Office, North Carolina</option>
<option value='nc-morg'>Morganton County Sheriff’s Office, North Carolina</option>
<option value='nc-nasd'>Nash County Sheriff's Department, North Carolina</option>
<option value='nc-nhcso'>New Hanover County Sheriff's Office, North Carolina</option>
<option value='nc-ncso'>Northampton County Sheriff's Office, North Carolina</option>
<option value='nc-ocso'>Onslow County Sheriff's Office, North Carolina</option>
<option value='nc-onso'>Orange County Sheriff's Office, North Carolina</option>
<option value='nc-pmso'>Pamlico County Sheriff's Office, North Carolina</option>
<option value='nc-pnso'>Pender County Sheriff's Office, North Carolina</option>
<option value='nc-prso'>Person County Sheriff's Office, North Carolina</option>
<option value='nc-ptso'>Pitt County Sheriff's Office, North Carolina</option>
<option value='nc-pcso'>Polk County Sheriff's Office, North Carolina</option>
<option value='nc-rand'>Randolph County Sheriff's Office, North Carolina</option>
<option value='nc-rcso'>Robeson County Sheriff's Office, North Carolina</option>
<option value='nc-rkso'>Rockingham County Sheriff's Office, North Carolina</option>
<option value='nc-rwso'>Rowan County Sheriff's Office, North Carolina</option>
<option value='nc-rtso'>Rutherford County Sheriff's Office, North Carolina</option>
<option value='nc-smso'>Sampson County Sheriff's Office, North Carolina</option>
<option value='nc-slso'>Scotland County Sheriff's Office, North Carolina</option>
<option value='nc-scso'>Stanly County Sheriff's Office, North Carolina</option>
<option value='nc-stso'>Stokes County Sheriff's Office, North Carolina</option>
<option value='nc-swso'>Swain County Sheriff's Office, North Carolina</option>
<option value='nc-tcso'>Transylvania County Sheriff's Office, North Carolina</option>
<option value='nc-vcso'>Vance County Sheriff's Office, North Carolina</option>
<option value='nc-wcso'>Wake County Sheriff's Office, North Carolina</option>
<option value='nc-wrso'>Warren County Sheriff's Office, North Carolina</option>
<option value='nc-wsso'>Washington County Sheriff's Office, North Carolina</option>
<option value='nc-wtso'>Watauga County Sheriff's Office, North Carolina</option>
<option value='nc-wyso'>Wayne County Sheriff's Office, North Carolina</option>
<option value='nc-wlso'>Wilkes County Sheriff's Office, North Carolina</option>
<option value='nc-wnso'>Wilson County Sheriff's Office, North Carolina</option>
<option value='nc-ydso'>Yadkin County Sheriff's Office, North Carolina</option>
<option value='nc-ycso'>Yancey County Sheriff's Office, North Carolina</option>
<option value='nd-bcso'>Burleigh County Sheriff's Office, North Dakota</option>
<option value='nd-ccso'>Cass County Sheriff's Office, North Dakota</option>
<option value='nd-wcso'>Williams County Sheriff's Office, North Dakota</option>
<option value='oh-acso'>Adams County Sheriff's Office, Ohio</option>
<option value='oh-bcso'>Brown County Sheriff's Office, Ohio</option>
<option value='oh-btso'>Butler County Sheriff's Office, Ohio</option>
<option value='oh-ccso'>Clark County Sheriff's Office, Ohio</option>
<option value='oh-clso'>Clermont County Sheriff's Office, Ohio</option>
<option value='oh-cltn'>Clinton County Sheriff’s Office, Ohio</option>
<option value='oh-csso'>Coshocton County Sheriff's Office, Ohio</option>
<option value='oh-cuya'>Cuyahoga County Sheriff's Office, Ohio</option>
<option value='oh-dcso'>Darke County Sheriff's Office, Ohio</option>
<option value='oh-frso'>Fairfield County Sheriff's Office, Ohio</option>
<option value='oh-fcso'>Fayette County Sheriff's Office, Ohio</option>
<option value='oh-fran'>Franklin County Sheriff's Office, Ohio</option>
<option value='oh-gcso'>Green County Sheriff's Office, Ohio</option>
<option value='oh-hcso'>Hamilton County Sheriff's Office, Ohio</option>
<option value='oh-hiso'>Highland County Sheriff's Office, Ohio</option>
<option value='oh-lick'>Licking County Sheriff's Office, Ohio</option>
<option value='oh-lcso'>Logan County Sheriff's Office, Ohio</option>
<option value='oh-lc'>Lorain County Sheriff's Office, Ohio</option>
<option value='oh-luca'>Lucas County Sheriff's Office, Ohio</option>
<option value='oh-mckj'>Montgomery County Kettering Jail, Ohio</option>
<option value='oh-mcso'>Montgomery County Sheriff's Office, Ohio</option>
<option value='oh-pcso'>Preble County Sheriff's Office, Ohio</option>
<option value='oh-shso'>Shelby County Sheriff's Office, Ohio</option>
<option value='oh-scso'>Summit County Sheriff's Office, Ohio</option>
<option value='oh-suwa'>Suwannee County Sheriff's Office, Ohio</option>
<option value='oh-tcrj'>Tri-County Regional Jail, Ohio</option>
<option value='oh-wcso'>Warren County Sheriff's Office, Ohio</option>
<option value='oh-wyso'>Wayne County Sheriff's Office, Ohio</option>
<option value='oh-wood'>Wood County Sheriff's Office, Ohio</option>
<option value='ok-ccso'>Cleveland County Sheriff's Office, Oklahoma</option>
<option value='ok-lcso'>Lincoln County Sheriff's Office, Oklahoma</option>
<option value='ok-ocso'>Oklahoma County Sheriff's Office, Oklahoma</option>
<option value='ok-rcso'>Rogers County Sheriff’s Office, Oklahoma</option>
<option value='ok-tcso'>Tulsa County Sheriff's Office, Oklahoma</option>
<option value='ok-wcso'>Woods County Sheriff's Office, Oklahoma</option>
<option value='or-clac'>Clackamas County Sheriff's Office, Oregon</option>
<option value='or-ccso'>Columbia County Sheriff's Office, Oregon</option>
<option value='or-dcso'>Deschutes County Sheriff's Office, Oregon</option>
<option value='or-jcso'>Jackson County Sheriff's Office, Oregon</option>
<option value='or-lcso'>Lincoln County Sheriff's Office, Oregon</option>
<option value='or-linn'>Linn County Sheriff's Office, Oregon</option>
<option value='or-mcso'>Marion County Sheriff's Office, Oregon</option>
<option value='or-mucso'>Multnomah County Sheriff's Office, Oregon</option>
<option value='or-wcsc'>Washington County Sheriff’s Office, Oregon</option>
<option value='or-ycso'>Yamhill County Sheriff's Office, Oregon</option>
<option value='pa-bcso'>Butler County Sheriff's Office, Pennsylvania</option>
<option value='pa-cent'>Centre County Sheriff's Office, Pennsylvania</option>
<option value='pa-phil'>George W. Hill Correctional Facility, Pennsylvania</option>
<option value='pa-wmlc'>Westmoreland County Prison, Pennsylvania</option>
<option value='sc-abso'>Abbeville County Sheriff's Office, South Carolina</option>
<option value='sc-acso'>Aiken County Sheriff's Office, South Carolina</option>
<option value='sc-adso'>Anderson County Sheriff's Office, South Carolina</option>
<option value='sc-bcso'>Bamberg County Sheriff's Office, South Carolina</option>
<option value='sc-beauf'>Beaufort County Sheriff's Office, South Carolina</option>
<option value='sc-brso'>Berkeley County Sheriff's Office, South Carolina</option>
<option value='sc-chso'>Charleston County Sheriff's Office, South Carolina</option>
<option value='sc-chrk'>Cherokee County Sheriff's Office, South Carolina</option>
<option value='sc-ccso'>Chester County Sheriff's Office, South Carolina</option>
<option value='sc-ccpc'>Chesterfield County Prison Camp, South Carolina</option>
<option value='sc-clso'>Colleton County Sheriff's Office, South Carolina</option>
<option value='sc-dcdc'>Dillon County Detention Center, South Carolina</option>
<option value='sc-ecdc'>Edgefield County Detention Center, South Carolina</option>
<option value='sc-fcso'>Fairfield County Sheriff's Office, South Carolina</option>
<option value='sc-grso'>Georgetown County Sheriff's Office, South Carolina</option>
<option value='sc-gcso'>Greenwood County Sheriff's Office, South Carolina</option>
<option value='sc-hcsd'>Hampton County Sheriff's Dept, South Carolina</option>
<option value='sc-hcso'>Horry County Sheriff's Office, South Carolina</option>
<option value='sc-jcso'>Jasper County Sheriff's Office, South Carolina</option>
<option value='sc-kcso'>Kershaw County Sheriff's Office, South Carolina</option>
<option value='sc-lcejdc'>Laurens County (R. Eugene Johnson) Detention Cente, South Carolina</option>
<option value='sc-lcdc'>Lexington County Detention Center, South Carolina</option>
<option value='sc-mcj'>Marion County Jail, South Carolina</option>
<option value='sc-mcdc'>Marlboro County Detention Center, South Carolina</option>
<option value='sc-ncso'>Newberry County Sheriff Office, South Carolina</option>
<option value='sc-nmbpd'>North Myrtle Beach Police Department, South Carolina</option>
<option value='sc-ocon'>Oconee County Sheriff's Office, South Carolina</option>
<option value='sc-ocso'>Orangeburg County Sheriff's Office, South Carolina</option>
<option value='sc-pcpc'>Pickens County Prison Camp, South Carolina</option>
<option value='sc-scso'>Saluda County Sheriff's Office, South Carolina</option>
<option value='sc-spar'>Spartanburg County Sheriff's Office, South Carolina</option>
<option value='sc-sumt'>Sumter County Sheriff's Office, South Carolina</option>
<option value='sc-ucso'>Union County Sheriff's Office, South Carolina</option>
<option value='sc-wcj'>Williamsburg County Jail, South Carolina</option>
<option value='sc-ycdcjc'>York County Detention Center/Moss Justice Center, South Carolina</option>
<option value='sd-ccso'>Clay County Sheriff's Office, South Dakota</option>
<option value='sd-mcso'>Minnehaha County Sheriff's Office, South Dakota</option>
<option value='tn-ccso'>Cannon County Sheriff's Office, Tennessee</option>
<option value='tn-cart'>Carter County Sheriff's Office, Tennessee</option>
<option value='tn-c'>Clay, Tennessee</option>
<option value='tn-cksd'>Crockett County Sheriff's Department, Tennessee</option>
<option value='tn-dysd'>Dyer County Sheriff's Department, Tennessee</option>
<option value='tn-fysd'>Fayette County Sheriff's Department, Tennessee</option>
<option value='tn-f'>Franklin, Tennessee</option>
<option value='tn-gcso'>Giles County Sheriff's Office, Tennessee</option>
<option value='tn-gcsd'>Greene County Sheriff's Department, Tennessee</option>
<option value='tn-grsd'>Grundy County Sheriff's Department, Tennessee</option>
<option value='tn-hcso'>Hamilton County Sheriff’s Office, Tennessee</option>
<option value='tn-jcso'>Johnson County Sheriff's Office, Tennessee</option>
<option value='tn-kcso'>Knox County Sheriff's Office, Tennessee</option>
<option value='tn-lcso'>Loudoun County Sheriff's Office, Tennessee</option>
<option value='tn-mcso'>Marshall County Sheriff's Office, Tennessee</option>
<option value='tn-mrsd'>Moore County Sheriff's Department  *, Tennessee</option>
<option value='tn-mcsd'>Morgan County Sheriff's Department, Tennessee</option>
<option value='tn-rhea'>Rhea County Sheriff's Office, Tennessee</option>
<option value='tn-rcso'>Roane County Sheriff's Office, Tennessee</option>
<option value='tn-rbso'>Robertson County Sheriff's Office, Tennessee</option>
<option value='tn-rusd'>Rutherford County Sheriff's Department, Tennessee</option>
<option value='tn-scso'>Shelby County Sheriff's Office, Tennessee</option>
<option value='tn-scsd'>Smith County Sheriff's Dept, Tennessee</option>
<option value='tn-tipt'>Tipton County Sheriff's Office, Tennessee</option>
<option value='tn-wlso'>Williamson County Sheriff's Office, Tennessee</option>
<option value='tn-wcso'>Wilson County Sheriff's Office, Tennessee</option>
<option value='tx-acso'>Angelina County Sheriff's Office, Texas</option>
<option value='tx-brso'>Brazos County Sheriff's Office, Texas</option>
<option value='tx-bcso'>Brown County Sheriff's Office, Texas</option>
<option value='tx-clhn'>Calhoun County Sheriff's Office, Texas</option>
<option value='tx-cc'>Cameron County Sheriff's Office, Texas</option>
<option value='tx-chso'>Chambers County Sheriff's Office, Texas</option>
<option value='tx-ckcj'>Cherokee County Jail, Texas</option>
<option value='tx-ccso'>Collin County Sheriff's Office, Texas</option>
<option value='tx-comal'>Comal County Sheriff's Office, Texas</option>
<option value='tx-dlso'>Dallam County Sheriff's Office, Texas</option>
<option value='tx-dc'>Dallas County Sheriff's Department, Texas</option>
<option value='tx-dcso'>Denton County Sheriff's Office, Texas</option>
<option value='tx-ector'>Ector County Sheriff's Office, Texas</option>
<option value='tx-ellis'>Ellis County Sheriff's Office, Texas</option>
<option value='tx-ecso'>Erath County Sheriff's Office, Texas</option>
<option value='tx-fbco'>Fort Bend County Sheriff's Office, Texas</option>
<option value='tx-gppd'>Galena Park Police Department, Texas</option>
<option value='tx-galv'>Galveston County Sheriff's Office, Texas</option>
<option value='tx-gcso'>Garza County Sheriff's Office, Texas</option>
<option value='tx-gcs'>Gregg County Sheriff, Texas</option>
<option value='tx-gdlp'>Guadalupe County Sheriff's Office, Texas</option>
<option value='tx-hcso'>Harris County Sheriff's Office, Texas</option>
<option value='tx-hays'>Hays County Sheriff's Office, Texas</option>
<option value='tx-hlso'>Hill County Sheriff's Office, Texas</option>
<option value='tx-hdso'>Hood County Sheriff's Office, Texas</option>
<option value='tx-hwrd'>Howard County Sheriff's Office, Texas</option>
<option value='tx-htcj'>Hunt County Jail, Texas</option>
<option value='tx-hpd'>Hurst Police Department, Texas</option>
<option value='tx-jkcj'>Jackson County Jail, Texas</option>
<option value='tx-jcso'>Johnson County Sheriff's Office, Texas</option>
<option value='tx-kcso'>Kaufman County Sheriff's Office, Texas</option>
<option value='tx-kerr'>Kerr County Sheriff's Office, Texas</option>
<option value='tx-klso'>Kleberg County Sheriff's Office, Texas</option>
<option value='tx-lcso'>Lamar County Sheriff's Office, Texas</option>
<option value='tx-mans'>Mansfield County Sheriff's Office, Texas</option>
<option value='tx-mdcj'>Midland County Jail, Texas</option>
<option value='tx-mcso'>Montgomery County Sheriff's Office, Texas</option>
<option value='tx-mrcj'>Moore County Jail, Texas</option>
<option value='tx-ncso'>Nacogdoches County Sheriff's Office, Texas</option>
<option value='tx-pear'>Pearland County Sheriff’s Office, Texas</option>
<option value='tx-pcso'>Polk County Sheriff's Office, Texas</option>
<option value='tx-ptcj'>Potter County Jail, Texas</option>
<option value='tx-rcso'>Rockwall County Sheriff's Office, Texas</option>
<option value='tx-bcsd'>Sheriff's Department of Bell County, Texas</option>
<option value='tx-scso'>Smith County Sheriff's Office, Texas</option>
<option value='tx-tc'>Tarrant County Sheriff's Office, Texas</option>
<option value='tx-tlr'>Taylor County Sheriff's Office, Texas</option>
<option value='tx-tts'>Titus County Sheriff's Office, Texas</option>
<option value='tx-green'>Tom Green County Sheriff's Office, Texas</option>
<option value='tx-trso'>Travis County Sheriff's Office, Texas</option>
<option value='tx-tcso'>Trinity County Sheriff's Office, Texas</option>
<option value='tx-vzcso'>Van Zandt County Sheriff's Office, Texas</option>
<option value='tx-wcso'>Waller County Sheriff's Office, Texas</option>
<option value='tx-chcj'>Wharton County Jail, Texas</option>
<option value='tx-wilco'>Williamson County Sheriff's Office, Texas</option>
<option value='tx-wise'>Wise County Sheriff's Office, Texas</option>
<option value='tx-wood'>Wood County Sheriff's Office, Texas</option>
<option value='ut-dcso'>Davis County Sheriff's Office, Utah</option>
<option value='ut-slcs'>Salt Lake County Sheriff's Office, Utah</option>
<option value='ut-scso'>Sanpete County Sheriff's Office, Utah</option>
<option value='ut-utah'>Utah County Sheriff's Office Corrections Bureau, Utah</option>
<option value='ut-wcso'>Weber County Sheriff's Office, Utah</option>
<option value='va-acso'>Accomack County Sheriff's Office, Virginia</option>
<option value='va-abso'>Albemarle County Sheriff's Office, Virginia</option>
<option value='va-alsd'>Alleghany County Sherrif's Dept, Virginia</option>
<option value='va-acsd'>Augusta County Sheriff's Dept, Virginia</option>
<option value='va-brrjh'>Blue Ridge Regional Jail, Virginia</option>
<option value='va-bcso'>Botetourt County Sheriff's Office, Virginia</option>
<option value='va-bso'>Bristol Sheriff's Office, Virginia</option>
<option value='va-cvrj'>Central Virginia Regional Jail, Virginia</option>
<option value='va-wcj'>Charlotte County Jail  *, Virginia</option>
<option value='va-cpso'>City of Portsmouth Sheriff's Office, Virginia</option>
<option value='va-cwccso'>City of Williamsburg/James City Co Sheriff's Office, Virginia</option>
<option value='va-ccso'>Culpeper County Sheriff's Office, Virginia</option>
<option value='va-dcso'>Danville County Sheriff's Office, Virginia</option>
<option value='va-fair'>Fairfax County Sheriff's Office, Virginia</option>
<option value='va-fcso'>Franklin County Sheriff's Office, Virginia</option>
<option value='va-hcj'>Hampton City Jail, Virginia</option>
<option value='va-hcsd'>Henry County Sheriff's Dept, Virginia</option>
<option value='va-lcadc'>Loudoun County Adult Det CTR, Virginia</option>
<option value='va-mrso'>Martinsville County Sheriff's Office, Virginia</option>
<option value='va-mrrj'>Meherrin River Regional Jail, Virginia</option>
<option value='va-mprsc'>Middle Peninsula Reg. Sec. Ctr., Virginia</option>
<option value='va-mcso'>Montgomery County Sheriff's Office, Virginia</option>
<option value='va-nrvrj'>New River Valley Regional Jail, Virginia</option>
<option value='va-nncj'>Newport News City Jail, Virginia</option>
<option value='va-nrflk'>Norfolk County Sheriff's Office, Virginia</option>
<option value='va-ncso'>Northampton County Sheriff's Office, Virginia</option>
<option value='va-nnrj'>Northern Neck Regional Jail, Virginia</option>
<option value='va-nradc'>Northwest Regional Adult Detention Center, Virginia</option>
<option value='va-pgso'>Page County Sheriff's Office, Virginia</option>
<option value='va-pjms'>Pamunkey Regional Jail, Virginia</option>
<option value='va-pcso'>Patrick County Sheriff's Office, Virginia</option>
<option value='va-pgcj'>Petersburg City Jail, Virginia</option>
<option value='va-prj'>Piedmont Regional Jail, Virginia</option>
<option value='va-ptso'>Pittsylvania County Sheriff's Office, Virginia</option>
<option value='va-pcj'>Portsmouth City Jail, Virginia</option>
<option value='va-pwcso'>Prince William County Sheriff's Office, Virginia</option>
<option value='va-rrj'>Riverside Regional Jail, Virginia</option>
<option value='va-rnso'>Roanoke City Sheriff's Office, Virginia</option>
<option value='va-rcso'>Rockbridge County Sheriff's Office, Virginia</option>
<option value='va-rcj'>Rockingham Regional Jail, Virginia</option>
<option value='va-shcj'>Southampton County Jail, Virginia</option>
<option value='va-srj'>Southside Regional Jail, Virginia</option>
<option value='va-scsor'>Stafford County Sheriff's Office/Rappahannock Regional, Virginia</option>
<option value='va-scsd'>Sussex County Sheriff's Dept, Virginia</option>
<option value='va-vbso'>Virginia Beach Sheriff's Office, Virginia</option>
<option value='va-wtrj'>Western Tidewater Regional Jail, Virginia</option>
<option value='va-wvrj'>Western Virginia Regional Jail, Virginia</option>
<option value='wa-cc'>Clark County Sheriff's Office, Washington</option>
<option value='wa-ccso'>Cowlitz County Sheriff's Office, Washington</option>
<option value='wa-kc'>King County Department of Detention, Washington</option>
<option value='wa-kcso'>Kitsap County Sheriff's Office, Washington</option>
<option value='wa-lcso'>Lincoln County Sheriff's Office, Washington</option>
<option value='wa-lwso'>Lynnwood County Sheriff's Office, Washington</option>
<option value='wa-mcso'>Marysville County Sheriff's Office, Washington</option>
<option value='wa-pcj'>Pierce County Jail, Washington</option>
<option value='wa-skag'>Skagit County Sheriff's Office, Washington</option>
<option value='wa-scso'>Snohomish County Sheriff's Office, Washington</option>
<option value='wa-spso'>Spokane County Sheriff's Office, Washington</option>
<option value='wa-tcso'>Thurston County Sheriff's Office, Washington</option>
<option value='wa-wcso'>Whatcom County Sheriff's Office, Washington</option>
<option value='wv-rj'>West Virginia Regional Jail, West Virginia</option>
<option value='wi-barr'>Barron County Sheriff's Office, Wisconsin</option>
<option value='wi-bcso'>Buffalo County Sheriff's Office, Wisconsin</option>
<option value='wi-dcso'>Douglas County Sheriff's Office, Wisconsin</option>
<option value='wi-jcsd'>Jefferson County Sheriff's Dept, Wisconsin</option>
<option value='wi-knsh'>Kenosha County Sheriff's Office, Wisconsin</option>
<option value='wi-lcsd'>La Crosse County Sheriff's Department, Wisconsin</option>
<option value='wi-mcs'>Milwaukee County Sheriff, Wisconsin</option>
<option value='wi-pcj'>Pierce County Jail, Wisconsin</option>
<option value='wi-pcs'>Polk County Sheriff's dept, Wisconsin</option>
<option value='wi-rcs'>Racine County Sheriff, Wisconsin</option>
<option value='wi-wcsd'>Wood County Sheriff's Dept, Wisconsin</option>
<option value='wy-scso'>Sweetwater County Sheriff's Office, Wyoming</option>
<option value='wy-tcso'>Teton County Sheriff's Office, Wyoming</option>
