al-bcso 	Alabama 	Baldwin County Sheriff's Office 	Y
al-ccso 	Alabama 	Calhoun County Sheriff's Office 	Y
al-ccj 	    Alabama 	Chambers County Jail 	Y
al-chso 	Alabama 	Cherokee County Sheriff's Office 	Y
al-ccsd 	Alabama 	Coffee Co Sheriff's Dept 	Y
al-colb 	Alabama 	Colbert County Sheriff’s Office 	Y
al-coso 	Alabama 	Coosa County Sheriff's Office 	Y
al-dale 	Alabama 	Dale County Sheriff's Office 	Y
al-dcso 	Alabama 	DeKalb County Sheriff's Office 	Y
al-ecsd 	Alabama 	Elmore Co Sheriff's Dept 	Y
al-ecso 	Alabama 	Etowah County Sheriff's Office 	Y
al-fcso 	Alabama 	Fayette County Sheriff's Office 	Y
al-fran 	Alabama 	Franklin County Sheriff's Office 	Y
al-jack 	Alabama 	Jackson County Sheriff's Office 	Y
al-jcso 	Alabama 	Jefferson County Sheriff's Office 	Y
al-mcsd 	Alabama 	Madison County Sheriff's Department 	Y
al-mari 	Alabama 	Marion County Sheriff’s Office 	Y
al-mlso 	Alabama 	Marshall County Sheriff's Office 	Y
al-mcso 	Alabama 	Mobile County Sheriff's Office 	Y
al-myso 	Alabama 	Montgomery County Sheriff's Office 	Y
al-mnso 	Alabama 	Morgan County Sheriff's Office 	Y
al-pcso 	Alabama 	Pickens County Sheriff’s Office 	Y
al-pike 	Alabama 	Pike County Sheriff’s Office 	Y
al-scso 	Alabama 	Shelby County Sheriff's Office 	Y
al-tpd 	Alabama 	Trussville Police Department  * 	Y
al-tcso 	Alabama 	Tuscaloosa County Sheriff's Office 	Y
ak-apd 	Alaska 	Anchorage Police Department  * 	Y
az-ccso 	Arizona 	Cochise County Sheriff's Office 	Y
az-mcso 	Arizona 	Maricopa County Sheriff's Office 	Y
az-meso 	Arizona 	Mohave County Sheriff's Office 	Y
az-ncso 	Arizona 	Navajo County Sheriff's Office 	Y
az-pcso 	Arizona 	Pima County Sheriff's Office 	Y
az-plso 	Arizona 	Pinal County Sheriff's Office 	Y
az-spd 	Arizona 	Scottsdale Police Department 	Y
az-ycso 	Arizona 	Yavapai County Sheriff's Office 	Y
az-yuma 	Arizona 	Yuma County Sheriff's Office 	Y
ar-acso 	Arkansas 	Arkansas Co Sheriff's Office 	Y
ar-bcso 	Arkansas 	Baxter County Sheriff's Office 	Y
ar-bnso 	Arkansas 	Benton County Sheriff's Office 	Y
ar-beso 	Arkansas 	Boone County Sheriff's Office 	Y
ar-cbd 	Arkansas 	Cabot Police Department 	Y
ar-chso 	Arkansas 	Calhoun Co Sheriff's Office 	Y
ar-cpd 	Arkansas 	Carlisle Police Department 	Y
ar-clcj 	Arkansas 	Carroll County Jail 	Y
ar-ckso 	Arkansas 	Clark County Sheriff's Office 	Y
ar-cyso 	Arkansas 	Clay Co Sheriff's Office 	Y
ar-cbcj 	Arkansas 	Cleburne County Jail 	Y
ar-clso 	Arkansas 	Cleveland Co Sheriff's Office 	Y
ar-cbso 	Arkansas 	Columbia County Sheriff's Office 	Y
ar-cycj 	Arkansas 	Conway County Jail 	Y
ar-ccsd 	Arkansas 	Crawford Co Sheriff's Dept 	Y
ar-crit 	Arkansas 	Crittenden County Sheriff's Office 	Y
ar-ccso 	Arkansas 	Cross County Sheriff's Office 	Y
ar-crd 	Arkansas 	Crossett Police Department 	Y
ar-dcso 	Arkansas 	Drew Co Sheriff's Office 	Y
ar-dcj 	Arkansas 	Dumas City Jail 	Y
ar-epd 	Arkansas 	England Police Department 	Y
ar-facj 	Arkansas 	Faulkner County Jail 	Y
ar-fncj 	Arkansas 	Franklin County Jail 	Y
ar-fcso 	Arkansas 	Fulton Co Sheriff's Office 	Y
ar-gcso 	Arkansas 	Garland County Sheriff's Office 	Y
ar-gtso 	Arkansas 	Grant Co Sheriff's Office 	Y
ar-grso 	Arkansas 	Greene Co Sheriff's Office 	Y
ar-hecj 	Arkansas 	Hempstead County Jail 	Y
ar-hscso 	Arkansas 	Hot Spring County Sheriff's Office 	Y
ar-hcso 	Arkansas 	Howard County Sheriff's Office 	Y
ar-icsd 	Arkansas 	Independence Co Sheriff's Dept 	Y
ar-icso 	Arkansas 	Izard Co Sheriff's Office 	Y
ar-jkso 	Arkansas 	Jackson County Sheriff's Office 	Y
ar-jnso 	Arkansas 	Jefferson County Sheriff's Office 	Y
ar-jcso 	Arkansas 	Johnson County Sheriff's Office 	Y
ar-lwcj 	Arkansas 	Lawrence County Jail 	Y
ar-leec 	Arkansas 	Lee County Sheriff's Office 	Y
ar-lcsd 	Arkansas 	Lincoln Co Sheriff's Dept 	Y
ar-lrcso 	Arkansas 	Little River Co Sheriff's Office 	Y
ar-lgcj 	Arkansas 	Logan County Jail 	Y
ar-lpd 	Arkansas 	Lonoke Police Department 	Y
ar-mdcj 	Arkansas 	Madison County Jail 	Y
ar-mcso 	Arkansas 	Marion County Sheriff's Office 	Y
ar-mpd 	Arkansas 	McGehee Police Department 	Y
ar-mlso 	Arkansas 	Miller County Sheriff's Office 	Y
ar-msso 	Arkansas 	Mississippi County Sheriff's Office 	Y
ar-mnso 	Arkansas 	Monroe Co Sheriff's Office 	Y
ar-mtso 	Arkansas 	Montgomery Co Sheriff's Office 	Y
ar-ncso 	Arkansas 	Newton Co Sheriff's Office 	Y
ar-opd 	Arkansas 	Osceola Police Department 	Y
ar-ocsd 	Arkansas 	Ouachita Co Sheriff's Dept 	Y
ar-prso 	Arkansas 	Perry Co Sheriff's Office 	Y
ar-pocj 	Arkansas 	Poinsett County Jail 	Y
ar-pcso 	Arkansas 	Pope Co Sheriff's Office 	Y
ar-pula 	Arkansas 	Pulaski County Sheriff's Office 	Y
ar-rcso 	Arkansas 	Randolph Co Sheriff's Office 	Y
ar-sacj 	Arkansas 	Saline County Jail 	Y
ar-scso 	Arkansas 	Scott County Sheriff's Office 	Y
ar-scsd 	Arkansas 	Searcy Co Sheriff's Dept 	Y
ar-sbstn 	Arkansas 	Sebastian County Sheriff's Office 	Y
ar-svso 	Arkansas 	Sevier Co Sheriff's Office 	Y
ar-shso 	Arkansas 	Sharp County Sheriff's Office 	Y
ar-sfso 	Arkansas 	St. Francis County Sheriff's Office 	Y
ar-stso 	Arkansas 	Stone County Sheriff's Office 	Y
ar-vbcso 	Arkansas 	Van Buren Co Sheriff's Office 	Y
ar-wacj 	Arkansas 	Washington County Jail  * 	Y
ar-wash 	Arkansas 	Washington County Sheriff's Office 	Y
ar-wcsd 	Arkansas 	White Co Sheriff's Dept 	Y
ar-wcso 	Arkansas 	Woodruff Co Sheriff's Office 	Y
ar-ycj 	Arkansas 	Yell County Jail #2 	Y
ca-acso 	California 	Alameda County Sheriff's Office 	Y
ca-fcso 	California 	Fresno County Sheriff's Office 	Y
ca-kcso 	California 	Kern Co Sheriff's Dept 	Y
ca-king 	California 	Kings County Sheriff's Office 	Y
ca-lcso 	California 	Los Angeles County Sheriff's Department 	Y
ca-mend 	California 	Mendocino County Sheriff's Office 	Y
ca-mcso 	California 	Monterey Co Sheriff's Office 	Y
ca-ocsd 	California 	Orange County Sheriff's Department 	Y
ca-rcsd 	California 	Riverside County Sheriff's Department 	Y
ca-sber 	California 	San Bernardino County Sheriff's Office 	Y
ca-sdsd 	California 	San Diego County Sheriff's Department 	Y
ca-sfso 	California 	San Francisco County Sheriff's Office 	Y
ca-sjsd 	California 	San Joaquin Co Sheriff's Dept 	Y
ca-slso 	California 	Solano County Sheriff's Office 	Y
ca-snso 	California 	Sonoma County Sheriff's Office 	Y
ca-scsd 	California 	Stanislaus County Sheriff's Department 	Y
ca-tcso 	California 	Tulare County Sheriff's Office 	Y
ca-vcso 	California 	Ventura County Sheriff's Office 	Y
co-adms 	Colorado 	Adams County Sheriff's Office 	Y
co-acg 	Colorado 	Arapahoe County Government 	Y
co-acso 	Colorado 	Archuleta County Sheriff's Office 	Y
co-bcso 	Colorado 	Bent County Sheriff's Office 	Y
co-cccso 	Colorado 	Clear Creek Co Sheriff's Office 	Y
co-ccso 	Colorado 	Conejos Co Sheriff's Office 	Y
co-csso 	Colorado 	Custer Co Sheriff's Office 	Y
co-dcso 	Colorado 	Douglas County Sheriff's Office 	Y
co-epco 	Colorado 	El Paso County Sheriff's Office 	Y
co-ecso 	Colorado 	Elbert County Sheriff's Office 	Y
co-fcso 	Colorado 	Fremont Co Sheriff's Office 	Y
co-gcso 	Colorado 	Garfield Co Sheriff's Office 	Y
co-glso 	Colorado 	Gilpin Co Sheriff's Office 	Y
co-grso 	Colorado 	Grand County Sheriff's Office 	Y
co-jcso 	Colorado 	Jefferson County Sheriff's Office 	Y
co-kccso 	Colorado 	Kit Carson County Sheriff's Office 	Y
co-lpso 	Colorado 	La Plata Sheriff's Office 	Y
co-lkso 	Colorado 	Lake County Sheriff's Office 	Y
co-lrso 	Colorado 	Larimer Co Sheriff's Office 	Y
co-lcso 	Colorado 	Lincoln Co Sheriff's Office 	Y
co-mcso 	Colorado 	Moffat County Sheriff's Office 	Y
co-mnso 	Colorado 	Montezuma Co Sheriff's Office 	Y
co-ocso 	Colorado 	Otero Co Sheriff's Office 	Y
co-pcsd 	Colorado 	Pitkin Co Sheriff's Dept 	Y
co-pcso 	Colorado 	Pueblo Co Sheriff's Office 	Y
co-rcso 	Colorado 	Routt Co Sheriff's Office 	Y
co-ycsd 	Colorado 	Yuma Co Sheriff's Dept 	Y
ct-cdc 	Connecticut 	Connecticut Dept of Corrections 	Y
fl-alac 	Florida 	Alachua County Sheriff's Office 	Y
fl-brad 	Florida 	Bradford County Sheriff's Office 	Y
fl-bcso 	Florida 	Brevard County Sheriff's Office 	Y
fl-bso 	Florida 	Broward Sheriff's Office 	Y
fl-chso 	Florida 	Charlotte Co Sheriff's Office 	Y
fl-coll 	Florida 	Collier County Sheriff's Office 	Y
fl-ccso 	Florida 	Columbia County Sheriff's Office 	Y
fl-dcso 	Florida 	Desoto County Sheriff's Office 	Y
fl-ecso 	Florida 	Escambia County Sheriff's Office 	Y
fl-flag 	Florida 	Flagler County Sheriff's Office 	Y
fl-fcso 	Florida 	Franklin Co Sheriff's Office 	Y
fl-gcso 	Florida 	Gadsden County Sheriff's Office 	Y
fl-giso 	Florida 	Gilchrist County Sheriff’s Office 	Y
fl-glds 	Florida 	Glades County Sheriff's Office 	Y
fl-hmltn 	Florida 	Hamilton County Sheriff's Office 	Y
fl-hrso 	Florida 	Hardee County Sheriff's Office 	Y
fl-hndr 	Florida 	Hendry County Sheriff's Office 	Y
fl-hern 	Florida 	Hernando County Sheriff's Office 	Y
fl-hcso 	Florida 	Hillsborough County Sheriff's Office 	Y
fl-hlso 	Florida 	Holmes County Sheriff's Office 	Y
fl-jso 	Florida 	Jacksonville Sheriff's Office 	Y
fl-lake 	Florida 	Lake County Sheriff's Office 	Y
fl-lcso 	Florida 	Lee County Sheriff's Office 	Y
fl-levy 	Florida 	Levy County Sheriff's Office 	Y
fl-mana 	Florida 	Manatee County Sheriff's Office 	Y
fl-mcso 	Florida 	Marion County Sheriff's Office 	Y
fl-mart 	Florida 	Martin County Sheriff's Office 	Y
fl-mdc 	Florida 	Miami-Dade County Corrections 	Y
fl-monr 	Florida 	Monroe County Sheriff's Office 	Y
fl-ncso 	Florida 	Nassau County Sheriff's Office 	Y
fl-ocj 	Florida 	Okeechobee County Jail 	Y
fl-occ 	Florida 	Orange County Corrections 	Y
fl-occd 	Florida 	Osceola County Corrections Department 	Y
fl-pbso 	Florida 	Palm Beach County Sheriff's Office 	Y
fl-pso 	Florida 	Pasco Sheriff's Office 	Y
fl-pcso 	Florida 	Pinellas County Sheriff's Office 	Y
fl-pkso 	Florida 	Polk County Sheriff's Office 	Y
fl-putn 	Florida 	Putnam County Sheriff's Office 	Y
fl-srcso 	Florida 	Santa Rosa County Sheriff's Office 	Y
fl-sara 	Florida 	Sarasota County Sheriff's Office 	Y
fl-sjcso 	Florida 	St. Johns County Sheriff's Office 	Y
fl-slcs 	Florida 	St. Lucie County Sheriff's Office 	Y
fl-smtr 	Florida 	Sumter County Sheriff’s Office 	Y
fl-suwa 	Florida 	Suwannee County Sheriff's Office 	Y
fl-vcc 	Florida 	Volusia County Corrections 	Y
fl-wcso 	Florida 	Walton County Sheriff's Office 	Y
ga-ccso 	Georgia 	Chatham County Sheriff's Office 	Y
ga-cobb 	Georgia 	Cobb County Adult Detention Facilities 	Y
ga-colum 	Georgia 	Columbia County Sheriff's Office 	Y
ga-cwt 	Georgia 	Coweta County Sheriff’s Office 	Y
ga-dcso 	Georgia 	Dawson County Sheriff's Office 	Y
ga-dgls 	Georgia 	Douglas County Sheriff's Office 	Y
ga-ftt 	Georgia 	Fayette County Sheriff's Office 	Y
ga-fld 	Georgia 	Floyd County Sheriff's Office 	Y
ga-fcso 	Georgia 	Fulton County Sheriff's Office 	Y
ga-gcsd 	Georgia 	Gwinnett County Sheriff's Department 	Y
ga-hcso 	Georgia 	Hall County Sheriff's Office 	Y
ga-lcso 	Georgia 	Lumpkin County Sheriff's Office 	Y
ga-ocso 	Georgia 	Oconee County Sheriff's Office 	Y
ga-pcso 	Georgia 	Paulding County Sheriff's Office 	Y
ga-walt 	Georgia 	Walton County Sheriff’s Office 	Y
ga-whte 	Georgia 	White County Sheriff's Office 	Y
ga-wcso 	Georgia 	Whitfield County Sheriff's Office 	Y
id-acso 	Idaho 	Ada County Sheriff's Office 	Y
id-amso 	Idaho 	Adams Co Sheriff's Office 	Y
id-bann 	Idaho 	Bannock County Sheriff’s Office 	Y
id-bnso 	Idaho 	Benewah County Sheriff's Office 	Y
id-bcso 	Idaho 	Bingham Co Sheriff's Office 	Y
id-blso 	Idaho 	Blaine County Sheriff's Office 	Y
id-btso 	Idaho 	Butte Co Sheriff's Office 	Y
id-cany 	Idaho 	Canyon County Sheriff's Office 	Y
id-ccso 	Idaho 	Cassia Co Sheriff's Office 	Y
id-ecso 	Idaho 	Elmore Co Sheriff's Office 	Y
id-fcso 	Idaho 	Fremont Co Sheriff's Office 	Y
id-gcso 	Idaho 	Gooding Co Sheriff's Office 	Y
id-jfso 	Idaho 	Jefferson Co Sheriff's Office 	Y
id-jcso 	Idaho 	Jerome County Sheriff's Office 	Y
id-lcso 	Idaho 	Lewis Co Sheriff's Office 	Y
id-mcso 	Idaho 	Madison County Sheriff's Office 	Y
id-ocso 	Idaho 	Owyhee Co Sheriff's Office 	Y
id-pyso 	Idaho 	Payette Co Sheriff's Office 	Y
id-pcso 	Idaho 	Power Co Sheriff's Office 	Y
id-scso 	Idaho 	Shoshone County Sheriff's Office 	Y
id-tfcso 	Idaho 	Twin Falls Co Sheriff's Office 	Y
id-vcso 	Idaho 	Valley Co Sheriff's Office 	Y
id-wcso 	Idaho 	Washington County Sheriff's Office 	Y
il-ccsd 	Illinois 	Clinton County Sheriff's Department 	Y
il-clso 	Illinois 	Coles Co Sheriff's Office 	Y
il-ccso 	Illinois 	Cook County Sheriff's Office 	Y
il-dcso 	Illinois 	DeKalb County Sheriff's Office 	Y
il-dupa 	Illinois 	Dupage County Sheriff's Office 	Y
il-gcsp 	Illinois 	Grundy County Sheriff's Police 	Y
il-kcso 	Illinois 	Kane County Sheriff's Office 	Y
il-lcso 	Illinois 	Lake County Sheriff's Office 	Y
il-leso 	Illinois 	Lee Co Sheriff's Office 	Y
il-mcso 	Illinois 	McHenry Co Sheriff's Office 	Y
il-pcso 	Illinois 	Peoria County Sheriff's Office 	Y
il-tcso 	Illinois 	Tazewell County Sheriff's Office 	Y
il-will 	Illinois 	Will County Sheriff's Office 	Y
il-wcso 	Illinois 	Winnebago County Sheriff's Office 	Y
in-acso 	Indiana 	Allen County Sheriff's Office 	Y
in-bcso 	Indiana 	Boone County Sheriff's Office 	Y
in-brwn 	Indiana 	Brown County Sheriff's Office 	Y
in-clso 	Indiana 	Clark County Sheriff's Office 	Y
in-ccsd 	Indiana 	Clay County Sheriff's Department 	Y
in-ccso 	Indiana 	Crawford County Sheriff's Office 	Y
in-dcso 	Indiana 	Dearborn County Sheriff's Office 	Y
in-dKso 	Indiana 	DeKalb County Sheriff's Office 	Y
in-dela 	Indiana 	Delaware County Sheriff’s Office 	Y
in-dbso 	Indiana 	Dubois County Sheriff's Office 	Y
in-gbcj 	Indiana 	Gibson County Jail 	Y
in-hc 	Indiana 	Hamilton County Sheriff's Office 	Y
in-hcso 	Indiana 	Hancock County Sheriff's Office 	Y
in-hend 	Indiana 	Hendricks County Sheriff's Office 	Y
in-howa 	Indiana 	Howard County Sheriff's Office 	Y
in-jack 	Indiana 	Jackson County Sheriff’s Office 	Y
in-jcso 	Indiana 	Jasper County Sheriff's Office 	Y
in-kcso 	Indiana 	Knox County Sheriff's Office 	Y
in-lpc 	Indiana 	La Porte County Sheriff's Office 	Y
in-mdsn 	Indiana 	Madison County Sheriff's Office 	Y
in-mcso 	Indiana 	Marion County Sheriff's Office 	Y
in-mmso 	Indiana 	Miami County Sheriff's Office 	Y
in-mont 	Indiana 	Montgomery County Sheriff's Office 	Y
in-ntcj 	Indiana 	Newton County Jail 	Y
in-perr 	Indiana 	Perry County Sheriff's Office 	Y
in-pcso 	Indiana 	Pulaski County Sheriff's Office 	Y
in-putn 	Indiana 	Putnam County Sheriff's Office 	Y
in-rcso 	Indiana 	Ripley County Sheriff's Office 	Y
in-scot 	Indiana 	Scott County Sheriff's Office 	Y
in-scso 	Indiana 	Scott County Sheriff's Office 	Y
in-sjc 	Indiana 	St. Joseph County Police Department 	Y
in-strk 	Indiana 	Starke County Sheriff’s Office 	Y
in-stso 	Indiana 	Steuben County Sheriff's Office 	Y
in-tcso 	Indiana 	Tippecanoe County Sheriff's Office 	Y
in-vnso 	Indiana 	Vanderburgh County Sheriff's Office 	Y
in-vrso 	Indiana 	Vermillion County Sheriff's Office 	Y
in-vcso 	Indiana 	Vigo County Sheriff's Office 	Y
in-wcso 	Indiana 	Whitley County Sheriff's Office 	Y
ia-amso 	Iowa 	Adams Co Sheriff's Office 	Y
ia-apcj 	Iowa 	Appanoose County Jail 	Y
ia-acso 	Iowa 	Audubon Co Sheriff's Office 	Y
ia-bhcso 	Iowa 	Black Hawk Co Sheriff's Office 	Y
ia-bnso 	Iowa 	Boone Co Sheriff's Office 	Y
ia-brso 	Iowa 	Bremer County Sheriff's Office 	Y
ia-bcso 	Iowa 	Buchanan Co Sheriff's Office 	Y
ia-bvcso 	Iowa 	Buena Vista Co Sheriff's Office 	Y
ia-btso 	Iowa 	Butler Co Sheriff's Office 	Y
ia-ccso 	Iowa 	Carroll Co Sheriff's Office 	Y
ia-csso 	Iowa 	Cass County Sheriff's Office 	Y
ia-cdso 	Iowa 	Cedar Co Sheriff's Office 	Y
ia-cgcso 	Iowa 	Cerro Gordo Co Sheriff's Office 	Y
ia-chso 	Iowa 	Chickasaw Co Sheriff's Office 	Y
ia-ckso 	Iowa 	Clarke Co Sheriff's Office 	Y
ia-clyso 	Iowa 	Clay County Sheriff's Office 	Y
ia-cyso 	Iowa 	Clayton Co Sheriff's Office 	Y
ia-ccsd 	Iowa 	Crawford Co Sheriff's Dept 	Y
ia-dcsd 	Iowa 	Dallas Co Sheriff's Dept 	Y
ia-dcso 	Iowa 	Davis Co Sheriff's Office 	Y
ia-dcj 	Iowa 	Decatur County Jail 	Y
ia-dlso 	Iowa 	Delaware Co Sheriff's Office 	Y
ia-dmcso 	Iowa 	Des Moines Co Sheriff's Office 	Y
ia-dubu 	Iowa 	Dubuque County Sheriff’s Office 	Y
ia-ecso 	Iowa 	Emmett Co Sheriff's Office 	Y
ia-fcso 	Iowa 	Fayette County Sheriff's Office 	Y
ia-gcso 	Iowa 	Grundy Co Sheriff's Office 	Y
ia-hrso 	Iowa 	Hardin County Sheriff's Office 	Y
ia-hcso 	Iowa 	Harrison Co Sheriff's Office 	Y
ia-hcsd 	Iowa 	Henry Co Sheriff's Dept 	Y
ia-hmso 	Iowa 	Humboldt Co Sheriff's Office 	Y
ia-idc 	Iowa 	Iowa Department of Corrections 	Y
ia-jcso 	Iowa 	Jackson Co Sheriff's Office 	Y
ia-jsso 	Iowa 	Jasper Co Sheriff's Office 	Y
ia-jfso 	Iowa 	Jefferson Co Sheriff's Office 	Y
ia-jhso 	Iowa 	Johnson Co Sheriff's Office 	Y
ia-kcso 	Iowa 	Keokuk Co Sheriff's Office 	Y
ia-leso 	Iowa 	Lee Co Sheriff's Office 	Y
ia-lnso 	Iowa 	Linn Co Sheriff's Office 	Y
ia-lcso 	Iowa 	Louisa Co Sheriff's Office 	Y
ia-lsso 	Iowa 	Lucas Co Sheriff's Office 	Y
ia-mdso 	Iowa 	Madison Co Sheriff's Office 	Y
ia-mrso 	Iowa 	Marion County Sheriff's Office 	Y
ia-mrshll 	Iowa 	Marshall County Sheriff's Office 	Y
ia-mlso 	Iowa 	Mills Co Sheriff's Office 	Y
ia-mtso 	Iowa 	Mitchell Co Sheriff's Office 	Y
ia-mnso 	Iowa 	Monona Co Sheriff's Office 	Y
ia-mcso 	Iowa 	Monroe Co Sheriff's Office 	Y
ia-mgso 	Iowa 	Montgomery Co Sheriff's Office 	Y
ia-msso 	Iowa 	Muscatine Co Sheriff's Office 	Y
ia-ocso 	Iowa 	O'Brien Co Sheriff's Office 	Y
ia-pgso 	Iowa 	Page Co Sheriff's Office 	Y
ia-plso 	Iowa 	Plymouth Co Sheriff's Office 	Y
ia-phso 	Iowa 	Pocahontas Co Sheriff's Office 	Y
ia-pcso 	Iowa 	Polk County Sheriff's Office 	Y
ia-ptso 	Iowa 	Pottawattamie Co Sheriff's Office 	Y
ia-pwso 	Iowa 	Poweshiek Co Sheriff's Office 	Y
ia-sccj 	Iowa 	Scott County Jail 	Y
ia-scso 	Iowa 	Shelby Co Sheriff's Office 	Y
ia-stcj 	Iowa 	Story County Jail 	Y
ia-tcso 	Iowa 	Tama Co Sheriff's Office 	Y
ia-vbcso 	Iowa 	Van Buren Co Sheriff's Office 	Y
ia-wpso 	Iowa 	Wapello Co Sheriff's Office 	Y
ia-wyso 	Iowa 	Wayne County Sheriff's Office 	Y
ia-wcso 	Iowa 	Winneshiek Co Sheriff's Office 	Y
ia-wood 	Iowa 	Woodbury County Sheriff's Office 	Y
ia-wrso 	Iowa 	Wright Co Sheriff's Office 	Y
ks-ccso 	Kansas 	Cherokee County Sheriff’s Office 	Y
ks-pcso 	Kansas 	Pratt County Sheriff’s Office 	Y
ks-scso 	Kansas 	Sedgwick County Sheriff's Office 	Y
ky-acso 	Kentucky 	Adair County Sheriff's Office 	Y
ky-acdc 	Kentucky 	Allen County Detention Center 	Y
ky-bcdc 	Kentucky 	Ballard County Detention Center 	Y
ky-bndc 	Kentucky 	Barren County Detention Center 	Y
ky-bcj 	Kentucky 	Bell County Jail 	Y
ky-bsdc 	Kentucky 	Big Sandy Regional Detention Center 	Y
ky-budc 	Kentucky 	Bourbon County Detention Center 	Y
ky-bydc 	Kentucky 	Boyd County Detention Center 	Y
ky-bldc 	Kentucky 	Boyle County Detention Center 	Y
ky-bcso 	Kentucky 	Breckenridge County Sheriff's Office 	Y
ky-bddc 	Kentucky 	Breckinridge County Detention Center 	Y
ky-blso 	Kentucky 	Bullitt County Sheriff's Office 	Y
ky-ccj 	Kentucky 	Calloway County Jail 	Y
ky-cpdc 	Kentucky 	Campbell County Detention Center 	Y
ky-ccdc 	Kentucky 	Carroll County Detention Center 	Y
ky-cadc 	Kentucky 	Carter County Detention Center 	Y
ky-cyj 	Kentucky 	Casey County Jail 	Y
ky-ccsd 	Kentucky 	Christian County Sheriff's Department 	Y
ky-ckdc 	Kentucky 	Clark County Detention Center 	Y
ky-cldc 	Kentucky 	Clay County Detention Center 	Y
ky-ctdc 	Kentucky 	Crittenden County Detention Center 	Y
ky-dcdc 	Kentucky 	Daviess County Detention Center 	Y
ky-fcrj 	Kentucky 	Franklin County Regional Jail 	Y
ky-fcdc 	Kentucky 	Fulton County Detention Center 	Y
ky-gcj 	Kentucky 	Grant County Jail 	Y
ky-gcsd 	Kentucky 	Grayson County Sheriff's Department 	Y
ky-grsd 	Kentucky 	Greenup County Sheriff's Department 	Y
ky-hcdc 	Kentucky 	Hardin County Detention Center 	Y
ky-hndc 	Kentucky 	Harlan County Detention Center 	Y
ky-hcj 	Kentucky 	Hart County Jail 	Y
ky-hedc 	Kentucky 	Henderson County Detention Center 	Y
ky-hcso 	Kentucky 	Hickman County Sheriff's Office 	Y
ky-hocj 	Kentucky 	Hopkins County Jail 	Y
ky-jcdc 	Kentucky 	Jackson County Detention Center 	Y
ky-jcso 	Kentucky 	Jessamine County Sheriff's Office 	Y
ky-kcdc 	Kentucky 	Kenton County Detention Center 	Y
ky-kcso 	Kentucky 	Knox County Sheriff's Office 	Y
ky-lcdc 	Kentucky 	Larue County Detention Center 	Y
ky-lccc 	Kentucky 	Laurel County Correctional Center 	Y
ky-ledc 	Kentucky 	Leslie County Detention Center 	Y
ky-lcso 	Kentucky 	Letcher County Sheriff's Office 	Y
ky-lsdc 	Kentucky 	Lewis County Detention Center 	Y
ky-lnrj 	Kentucky 	Lincoln County Regional Jail 	Y
ky-lcj 	Kentucky 	Logan County Jail 	Y
ky-mcdc 	Kentucky 	Madison County Detention Center 	Y
ky-mndc 	Kentucky 	Marion County Detention Center 	Y
ky-mcso 	Kentucky 	Marshall County Sheriff's Office 	Y
ky-madc 	Kentucky 	Mason County Detention Center 	Y
ky-mccj 	Kentucky 	McCracken County Jail  * 	Y
ky-mrdc 	Kentucky 	McCreary County Dention Center  * 	Y
ky-mcsd 	Kentucky 	Meade County Sheriff's Department 	Y
ky-mecc 	Kentucky 	Monroe County Correctional Center 	Y
ky-mgrj 	Kentucky 	Montgomery County Regional Jail 	Y
ky-mhsd 	Kentucky 	Muhlenberg County Sheriff's Department 	Y
ky-ncso 	Kentucky 	Nelson County Sheriff's Office 	Y
ky-ocdc 	Kentucky 	Ohio County Detention Center 	Y
ky-ocj 	Kentucky 	Oldham County Jail 	Y
ky-prso 	Kentucky 	Perry County Sheriff's Office 	Y
ky-pcdc 	Kentucky 	Pike County Detention Center 	Y
ky-pcso 	Kentucky 	Powell County Sheriff's Office 	Y
ky-pudc 	Kentucky 	Pulaski County Detention Center 	Y
ky-rcdc 	Kentucky 	Rockcastle County Detention Center 	Y
ky-rcsd 	Kentucky 	Rowan County Sheriff's Department 	Y
ky-rsdc 	Kentucky 	Russell County Detention Center 	Y
ky-stsd 	Kentucky 	Scott County Sheriff's Department 	Y
ky-scsd 	Kentucky 	Shelby County Sheriff's Department 	Y
ky-scdc 	Kentucky 	Simpson County Detention Center 	Y
ky-tcdc 	Kentucky 	Taylor County Detention Center 	Y
ky-tfrj 	Kentucky 	Three Forks Regional Jail 	Y
ky-ucj 	Kentucky 	Union County Jail 	Y
ky-wcso 	Kentucky 	Warren County Sheriff's Office 	Y
ky-wayne 	Kentucky 	Wayne County Sheriff’s Office 	Y
ky-wcj 	Kentucky 	Webster County Jail  * 	Y
ky-wcdc 	Kentucky 	Whitley County Detention Center 	Y
ky-wddc 	Kentucky 	Woodford County Detention Center 	Y
la-acso 	Louisiana 	Allen Parish County Sheriff’s Office 	Y
la-apso 	Louisiana 	Ascension Parish County Sheriff's Office 	Y
la-cadd 	Louisiana 	Caddo Parish Sheriff's Office 	Y
la-lpcso 	Louisiana 	Lafourche Parish County Sheriff's Office 	Y
la-opso 	Louisiana 	Ouachita Parish County Sheriff's Office 	Y
la-rpso 	Louisiana 	Rapides Parish County Sheriff's Office 	Y
la-sjpso 	Louisiana 	St. James Parish County Sheriff's Office 	Y
la-smpso 	Louisiana 	St. Mary Parish County Sheriff’s Office 	Y
md-bcso 	Maryland 	Baltimore County Sheriff's Office 	Y
md-dcso 	Maryland 	Dorchester County Sheriff's Office 	Y
md-mont 	Maryland 	Montgomery County Sheriff's Office 	Y
md-pg 	Maryland 	Prince George's County 	Y
mi-acsd 	Michigan 	Alpena Co Sheriff's Dept 	Y
mi-bcsd 	Michigan 	Barry Co Sheriff's Dept 	Y
mi-ccsd 	Michigan 	Clinton Co Sheriff's Dept 	Y
mi-ecso 	Michigan 	Eaton County Sheriff's Office 	Y
mi-icsd 	Michigan 	Isabella Co Sheriff's Dept 	Y
mi-jcso 	Michigan 	Jackson County Sheriff's Office 	Y
mi-kcsd 	Michigan 	Kent County Sheriff's Department 	Y
mi-lcso 	Michigan 	Lake County Sheriff's Office 	Y
mi-mcso 	Michigan 	Macomb County Sheriff's Office 	Y
mi-mtso 	Michigan 	Mecosta Co Sheriff's Office 	Y
mi-mnsd 	Michigan 	Menominee Co Sheriff's Dept 	Y
mi-mcsd 	Michigan 	Midland Co Sheriff's Dept 	Y
mi-monr 	Michigan 	Monroe County Sheriff's Office 	Y
mi-mnso 	Michigan 	Montcalm Co Sheriff's Office 	Y
mi-musk 	Michigan 	Muskegon County Sheriff's Office 	Y
mi-oakl 	Michigan 	Oakland Sheriff's Office 	Y
mi-wayn 	Michigan 	Wayne County Sheriff's Office 	Y
mn-acso 	Minnesota 	Anoka County Sheriff's Office 	Y
mn-hcso 	Minnesota 	Hennepin County Sheriff's Office 	Y
mn-mcso 	Minnesota 	Mower County Sheriff’s Office 	Y
mn-scj 	Minnesota 	Scott County Jail 	Y
mn-wrcj 	Minnesota 	Wright County Jail 	Y
ms-acso 	Mississippi 	Adams County Sheriff's Office 	Y
ms-bcsd 	Mississippi 	Bolivar County Sheriff's Dept 	Y
ms-cnsd 	Mississippi 	Calhoun County Sheriff's Department 	Y
ms-ccsd 	Mississippi 	Choctaw County Sheriff's Dept 	Y
ms-clsd 	Mississippi 	Clarke County Sheriff's Dept 	Y
ms-clay 	Mississippi 	Clay County Sheriff's Office 	Y
ms-ccso 	Mississippi 	Covington County Sheriff's Office 	Y
ms-deso 	Mississippi 	DeSoto County Sheriff's Office 	Y
ms-fcso 	Mississippi 	Forrest County Sheriff's Office 	Y
ms-gcso 	Mississippi 	George County Sheriff's Office 	Y
ms-hanc 	Mississippi 	Hancock County Sheriff's Office 	Y
ms-hcso 	Mississippi 	Harrison County Sheriff's Office 	Y
ms-hind 	Mississippi 	Hinds County Sheriff's Office 	Y
ms-hlsd 	Mississippi 	Holmes County Sheriff's Dept 	Y
ms-hcsd 	Mississippi 	Humphreys County Sheriff's Dept 	Y
ms-jcsd 	Mississippi 	Jackson County Sheriff's Dept 	Y
ms-jssd 	Mississippi 	Jasper County Sheriff's Dept 	Y
ms-jfsd 	Mississippi 	Jefferson County Sheriff's Dept 	Y
ms-jcso 	Mississippi 	Jones County Sheriff's Office 	Y
ms-kcsd 	Mississippi 	Kemper County Sheriff's Dept 	Y
ms-lama 	Mississippi 	Lamar County Sheriff's Office 	Y
ms-lcsd 	Mississippi 	Lauderdale County Sheriff's Dept 	Y
ms-lwso 	Mississippi 	Lawrence County Sheriff's Office 	Y
ms-lcso 	Mississippi 	Leake County Sheriff's Office 	Y
ms-lee 	Mississippi 	Lee County Sheriff’s Office 	Y
ms-ldso 	Mississippi 	Lowndes County Sheriff's Office 	Y
ms-mcso 	Mississippi 	Monroe County Sheriff's Office 	Y
ms-pcso 	Mississippi 	Perry County Sheriff's Office 	Y
ms-pcsd 	Mississippi 	Pontotoc County Sheriff's Dept 	Y
ms-prsd 	Mississippi 	Prentiss County Sheriff's Department 	Y
ms-rcsd 	Mississippi 	Rankin County Sheriff's Dept 	Y
ms-scso 	Mississippi 	Scott County Sheriff's Office 	Y
ms-scsd 	Mississippi 	Smith County Sheriff's Dept 	Y
ms-stsd 	Mississippi 	Stone County Sheriff's Dept 	Y
ms-snso 	Mississippi 	Sunflower County Sheriff's Office 	Y
ms-tgsd 	Mississippi 	Tishomingo County Sheriff's Department 	Y
ms-tcso 	Mississippi 	Tunica County Sheriff's Office 	Y
ms-ucso 	Mississippi 	Union County Sheriff's Office 	Y
ms-wssd 	Mississippi 	Washington County Sheriff's Dept 	Y
ms-wcsd 	Mississippi 	Wayne County Sheriff's Dept 	Y
ms-wbso 	Mississippi 	Webster County Sheriff's Office 	Y
ms-wcso 	Mississippi 	Wilkinson County Sheriff's Office 	Y
ms-yasd 	Mississippi 	Yalobusha County Sheriff's Department 	Y
ms-ycso 	Mississippi 	Yazoo County Sheriff's Office 	Y
mo-acso 	Missouri 	Adair County Sheriff's Office 	Y
mo-asso 	Missouri 	Atchison County Sheriff's Office 	Y
mo-bcso 	Missouri 	Barry County Sheriff's Office 	Y
mo-brso 	Missouri 	Barton County Sheriff's Office 	Y
mo-btso 	Missouri 	Bates County Sheriff's Office 	Y
mo-bncj 	Missouri 	Benton County Jail 	Y
mo-boll 	Missouri 	Bollinger County Sheriff's Office 	Y
mo-bcsd 	Missouri 	Boone County Sheriff's Dept 	Y
mo-bpd 	Missouri 	Branson Police Dept 	Y
mo-bhso 	Missouri 	Buchanan County Sheriff's Office 	Y
mo-bcs 	Missouri 	Butler County Sheriff's dept 	Y
mo-ccso 	Missouri 	Caldwell County Sheriff's Office 	Y
mo-clso 	Missouri 	Callaway County Sheriff's Office 	Y
mo-camd 	Missouri 	Camden County Sheriff's Office 	Y
mo-cgcj 	Missouri 	Cape Girardeau County Jail 	Y
mo-cdso 	Missouri 	Cedar County Sheriff's Office 	Y
mo-ckso 	Missouri 	Clark County Sheriff's Office 	Y
mo-cyso 	Missouri 	Clay County Sheriff's Office 	Y
mo-coso 	Missouri 	Cole County Sheriff's Office 	Y
mo-cocj 	Missouri 	Cooper County Jail 	Y
mo-cwcj 	Missouri 	Crawford County Jail 	Y
mo-dcso 	Missouri 	Dunklin County Sheriff's Office 	Y
mo-fpd 	Missouri 	Florissant Police Department 	Y
mo-fcdc 	Missouri 	Franklin County Adult Detention Center 	Y
mo-gree 	Missouri 	Greene County Sheriff's Office 	Y
mo-gcso 	Missouri 	Grundy County Sheriff's Office 	Y
mo-hpd 	Missouri 	Hazelwood Police Department 	Y
mo-hycj 	Missouri 	Henry County Jail 	Y
mo-hlso 	Missouri 	Holt County Sheriff's Office 	Y
mo-hoco 	Missouri 	Howard County Sheriff's Office 	Y
mo-hcso 	Missouri 	Howell County Sheriff's Office 	Y
mo-jkdc 	Missouri 	Jackson County Detention Center 	Y
mo-jpso 	Missouri 	Jasper County Sheriff's Office 	Y
mo-jecj 	Missouri 	Jefferson County Jail 	Y
mo-jcso 	Missouri 	Johnson County Sheriff's Office 	Y
mo-lacj 	Missouri 	Laclede County Jail 	Y
mo-lcsd 	Missouri 	Lafayette County Sheriff's Dept 	Y
mo-lcso 	Missouri 	Lawrence County Sheriff's Office 	Y
mo-lnso 	Missouri 	Livingston County Sheriff's Office 	Y
mo-maco 	Missouri 	Macon County Sheriff's Office 	Y
mo-mhpd 	Missouri 	Maryland Heights Police Department 	Y
mo-mcdc 	Missouri 	McDonald County Sheriff's Office 	Y
mo-mcso 	Missouri 	Miller County Sheriff's Office 	Y
mo-mcs 	Missouri 	Mississippi County Sheriff's dept 	Y
mo-mdc 	Missouri 	Missouri Dept of Correction 	Y
mo-mcj 	Missouri 	Moniteau County Jail 	Y
mo-monr 	Missouri 	Monroe County Sheriff's Office 	Y
mo-mns 	Missouri 	Montgomery County Sheriff's dept 	Y
mo-mrso 	Missouri 	Morgan County Sheriff's Office 	Y
mo-nmcso 	Missouri 	New Madrid County Sheriff's Office 	Y
mo-ncso 	Missouri 	Nodaway County Sheriff's Office 	Y
mo-ocso 	Missouri 	Osage County Sheriff's Office 	Y
mo-pmso 	Missouri 	Pemiscot County Sheriff's Office 	Y
mo-pycj 	Missouri 	Perry County Jail 	Y
mo-ptso 	Missouri 	Pettis County Sheriff's Office 	Y
mo-pkso 	Missouri 	Pike County Sheriff's Office 	Y
mo-pcso 	Missouri 	Platte County Sheriff's Office 	Y
mo-pkcj 	Missouri 	Polk County Jail 	Y
mo-pscj 	Missouri 	Pulaski County Jail 	Y
mo-rcsd 	Missouri 	Randolph County Sheriff's Dept 	Y
mo-rcso 	Missouri 	Reynolds County Sheriff's Office 	Y
mo-slso 	Missouri 	Saline County Sheriff's Office 	Y
mo-sccj 	Missouri 	Scott County Jail 	Y
mo-scpd 	Missouri 	St. Charles Police Department 	Y
mo-sfcso 	Missouri 	St. Francois County Sheriff's Office 	Y
mo-slcpd 	Missouri 	St. Louis County Police Department 	Y
mo-slcso 	Missouri 	St. Louis County Sheriff's Office 	Y
mo-scsd 	Missouri 	Stoddard County Sheriff's Dept 	Y
mo-scso 	Missouri 	Stone County Sheriff's Office 	Y
mo-tacj 	Missouri 	Taney County Jail 	Y
mo-ucpd 	Missouri 	University City Police Department 	Y
mo-vcso 	Missouri 	Vernon County Sheriff's Office 	Y
mo-wrcj 	Missouri 	Warren County Jail 	Y
mt-rcso 	Montana 	Ravalli County Sheriff's Office 	Y
ne-dcdc 	Nebraska 	Douglas County Sheriff's Office 	Y
nv-clv 	Nevada 	City of Las Vegas 	Y
nv-ccdc 	Nevada 	Clark County Detention Center 	Y
nv-chn 	Nevada 	Henderson Detention Center 	Y
nv-lcso 	Nevada 	Lincoln County Sheriff's Office 	Y
nv-lcsd 	Nevada 	Lyon County Sheriff's Department 	Y
nv-pcso 	Nevada 	Pershing County Sheriff's Office 	Y
nv-scso 	Nevada 	Storey County Sheriff's Office 	Y
nv-wcso 	Nevada 	Washoe County Sheriff's Office 	Y
nv-wpcso 	Nevada 	White Pine County Sheriff's Office 	Y
nj-bcso 	New Jersey 	Bergen County Sheriff's Office 	Y
nj-ecdc 	New Jersey 	Essex County Dept of Corrections 	Y
nj-hcso 	New Jersey 	Hudson County Sheriff's Office 	Y
nj-mcso 	New Jersey 	Mercer County Sheriff's Office 	Y
nj-monm 	New Jersey 	Monmouth County Sheriff's Office 	Y
nj-ocea 	New Jersey 	Ocean County Sheriff's Office 	Y
nj-pass 	New Jersey 	Passaic County Jail 	Y
nm-bcsd 	New Mexico 	Bernalillo County Sheriff’s Department 	Y
nm-ccsd 	New Mexico 	Catron County Sheriff's Dept 	Y
nm-chsd 	New Mexico 	Chaves County Sheriff's Dept 	Y
nm-cbsd 	New Mexico 	Cibola County Sheriff's Dept 	Y
nm-ccdc 	New Mexico 	Curry Co Detention Center 	Y
nm-dacso 	New Mexico 	Dona Ana County Sheriff's Office 	Y
nm-gcdc 	New Mexico 	Grant County Detention Center 	Y
nm-hcso 	New Mexico 	Hidalgo County Sheriff's Office 	Y
nm-lacdc 	New Mexico 	Los Alamos Co Detention Center 	Y
nm-qcdc 	New Mexico 	Quay County Detention Center 	Y
nm-racdc 	New Mexico 	Rio Arriba Co Detention Center 	Y
nm-rcdc 	New Mexico 	Roosevelt Co Detention Center 	Y
nm-smcdc 	New Mexico 	San Miguel Co Detention Center 	Y
nm-scdc 	New Mexico 	Sandoval Co Dentention Center 	Y
nm-sfccd 	New Mexico 	Santa Fe County Corrections Department 	Y
nm-tcdc 	New Mexico 	Torrance Co Detention Center 	Y
nm-ucdf 	New Mexico 	Union County Detention Facililty 	Y
nm-vmdc 	New Mexico 	Vigil Maldonado Detention Center 	Y
ny-acso 	New York 	Allegany County Sheriff's Office 	Y
ny-bcj 	New York 	Broome County Jail 	Y
ny-ctso 	New York 	Cattaraugus County Sheriff's Office 	Y
ny-cyso 	New York 	Cayuga County Sheriff's Office 	Y
ny-chso 	New York 	Chemung County Sheriff's Office 	Y
ny-c 	New York 	Chenango 	Y
ny-clcj 	New York 	Clinton County Jail 	Y
ny-ccso 	New York 	Columbia County Sheriff's Office 	Y
ny-crso 	New York 	Cortland County Sheriff's Office 	Y
ny-dwcj 	New York 	Delaware County Jail 	Y
ny-excj 	New York 	Essex County Jail 	Y
ny-frcj 	New York 	Franklin County Jail 	Y
ny-gnso 	New York 	Genesee County Sheriff's Office 	Y
ny-gcso 	New York 	Greene County Sheriff's Office 	Y
ny-hcso 	New York 	Herkimer County Sheriff's Office 	Y
ny-jcso 	New York 	Jefferson County Sheriff's Office 	Y
ny-lwso 	New York 	Lewis County Sheriff's Office 	Y
ny-lcso 	New York 	Livingston County Sheriff's Office 	Y
ny-mcso 	New York 	Madison County Sheriff's Office 	Y
ny-nyc 	New York 	New York City Department of Corrections 	Y
ny-nicj 	New York 	Niagara County Jail 	Y
ny-olso 	New York 	Orleans County Sheriff's Office 	Y
ny-ocso 	New York 	Oswego County Sheriff's Office 	Y
ny-otcj 	New York 	Otsego County Jail 	Y
ny-pcso 	New York 	Putnam County Sheriff's Office 	Y
ny-rcso 	New York 	Rockland County Sheriff's Office 	Y
ny-slco 	New York 	Schuyler County Sheriff's Office 	Y
ny-sncj 	New York 	Seneca County Jail 	Y
ny-slcso 	New York 	St. Lawrence County Sheriff's Office 	Y
ny-stso 	New York 	Steuben County Sheriff's Office 	Y
ny-scso 	New York 	Sullivan County Sheriff's Office 	Y
ny-tcso 	New York 	Tioga County Sheriff's Office 	Y
ny-tmso 	New York 	Tompkins County Sheriff's Office 	Y
ny-wrso 	New York 	Warren County Sheriff's Office 	Y
ny-wcso 	New York 	Washington County Sheriff's Office 	Y
ny-wacj 	New York 	Wayne County Jail 	Y
ny-ycso 	New York 	Yates County Sheriff's Office 	Y
nc-amso 	North Carolina 	Alamance County Sheriff's Office 	Y
nc-also 	North Carolina 	Alleghany County Sheriff's Office 	Y
nc-asso 	North Carolina 	Anson County Sheriff's Office 	Y
nc-acso 	North Carolina 	Ashe County Sheriff's Office 	Y
nc-arso 	North Carolina 	Avery County Sheriff's Office 	Y
nc-bcso 	North Carolina 	Bertie County Sheriff's Office 	Y
nc-blso 	North Carolina 	Bladen County Sheriff's Office 	Y
nc-brsd 	North Carolina 	Brunswick County Sheriff's Department 	Y
nc-bnso 	North Carolina 	Buncombe County Sheriff's Office 	Y
nc-brso 	North Carolina 	Burke County Sheriff's Office 	Y
nc-cbso 	North Carolina 	Cabarrus County Sheriff's Office 	Y
nc-cwso 	North Carolina 	Caldwell County Sheriff's Office 	Y
nc-ctso 	North Carolina 	Carteret County Sheriff's Office 	Y
nc-csso 	North Carolina 	Caswell County Sheriff's Office 	Y
nc-chso 	North Carolina 	Cherokee County Sheriff's Office 	Y
nc-cyso 	North Carolina 	Clay County Sheriff's Office 	Y
nc-ccso 	North Carolina 	Cleveland County Sheriff's Office 	Y
nc-clso 	North Carolina 	Columbus County Sheriff's Office 	Y
nc-cmso 	North Carolina 	Cumberland County Sheriff's Office 	Y
nc-crso 	North Carolina 	Currituck County Sheriff's Office 	Y
nc-daso 	North Carolina 	Dare County Sheriff's Office 	Y
nc-dvso 	North Carolina 	Davidson County Sheriff's Office 	Y
nc-dcso 	North Carolina 	Davie County Sheriff's Office 	Y
nc-dpso 	North Carolina 	Duplin County Sheriff's Office 	Y
nc-drso 	North Carolina 	Durham County Sheriff's Office 	Y
nc-ecso 	North Carolina 	Edgecombe County Sheriff's Office 	Y
nc-fors 	North Carolina 	Forsyth County Sheriff's Office 	Y
nc-fcso 	North Carolina 	Franklin County Sheriff's Office 	Y
nc-ghso 	North Carolina 	Graham County Sheriff's Office 	Y
nc-gnso 	North Carolina 	Granville County Sheriff's Office 	Y
nc-grso 	North Carolina 	Greene County Sheriff's Office 	Y
nc-gcso 	North Carolina 	Guilford County Sheriff's Office 	Y
nc-hcso 	North Carolina 	Halifax County Sheriff's Office 	Y
nc-hyso 	North Carolina 	Haywood County Sheriff's Office 	Y
nc-hnso 	North Carolina 	Henderson County Sheriff's Office 	Y
nc-hrso 	North Carolina 	Hertford County Sheriff's Office 	Y
nc-hkso 	North Carolina 	Hoke County Sheriff's Office 	Y
nc-icso 	North Carolina 	Iredell County Sheriff's Office 	Y
nc-jkso 	North Carolina 	Jackson County Sheriff's Office 	Y
nc-jcso 	North Carolina 	Jones County Sheriff's Office 	Y
nc-lcso 	North Carolina 	Lee County Sheriff's Office 	Y
nc-lnso 	North Carolina 	Lenoir County Sheriff's Office 	Y
nc-linc 	North Carolina 	Lincoln County Sheriff's Office 	Y
nc-mcnso 	North Carolina 	Macon County Sheriff's Office 	Y
nc-mdso 	North Carolina 	Madison County Sheriff's Office 	Y
nc-dwso 	North Carolina 	McDowell County Sheriff's Office 	Y
nc-mcso 	North Carolina 	Mecklenburg County Sheriff's Office 	Y
nc-mnso 	North Carolina 	Montgomery County Sheriff's Office 	Y
nc-mrso 	North Carolina 	Moore County Sheriff's Office 	Y
nc-morg 	North Carolina 	Morganton County Sheriff’s Office 	Y
nc-nasd 	North Carolina 	Nash County Sheriff's Department 	Y
nc-nhcso 	North Carolina 	New Hanover County Sheriff's Office 	Y
nc-ncso 	North Carolina 	Northampton County Sheriff's Office 	Y
nc-ocso 	North Carolina 	Onslow County Sheriff's Office 	Y
nc-onso 	North Carolina 	Orange County Sheriff's Office 	Y
nc-pmso 	North Carolina 	Pamlico County Sheriff's Office 	Y
nc-pnso 	North Carolina 	Pender County Sheriff's Office 	Y
nc-prso 	North Carolina 	Person County Sheriff's Office 	Y
nc-ptso 	North Carolina 	Pitt County Sheriff's Office 	Y
nc-pcso 	North Carolina 	Polk County Sheriff's Office 	Y
nc-rand 	North Carolina 	Randolph County Sheriff's Office 	Y
nc-rcso 	North Carolina 	Robeson County Sheriff's Office 	Y
nc-rkso 	North Carolina 	Rockingham County Sheriff's Office 	Y
nc-rwso 	North Carolina 	Rowan County Sheriff's Office 	Y
nc-rtso 	North Carolina 	Rutherford County Sheriff's Office 	Y
nc-smso 	North Carolina 	Sampson County Sheriff's Office 	Y
nc-slso 	North Carolina 	Scotland County Sheriff's Office 	Y
nc-scso 	North Carolina 	Stanly County Sheriff's Office 	Y
nc-stso 	North Carolina 	Stokes County Sheriff's Office 	Y
nc-swso 	North Carolina 	Swain County Sheriff's Office 	Y
nc-tcso 	North Carolina 	Transylvania County Sheriff's Office 	Y
nc-vcso 	North Carolina 	Vance County Sheriff's Office 	Y
nc-wcso 	North Carolina 	Wake County Sheriff's Office 	Y
nc-wrso 	North Carolina 	Warren County Sheriff's Office 	Y
nc-wsso 	North Carolina 	Washington County Sheriff's Office 	Y
nc-wtso 	North Carolina 	Watauga County Sheriff's Office 	Y
nc-wyso 	North Carolina 	Wayne County Sheriff's Office 	Y
nc-wlso 	North Carolina 	Wilkes County Sheriff's Office 	Y
nc-wnso 	North Carolina 	Wilson County Sheriff's Office 	Y
nc-ydso 	North Carolina 	Yadkin County Sheriff's Office 	Y
nc-ycso 	North Carolina 	Yancey County Sheriff's Office 	Y
nd-bcso 	North Dakota 	Burleigh County Sheriff's Office 	Y
nd-ccso 	North Dakota 	Cass County Sheriff's Office 	Y
nd-wcso 	North Dakota 	Williams County Sheriff's Office 	Y
oh-acso 	Ohio 	Adams County Sheriff's Office 	Y
oh-bcso 	Ohio 	Brown County Sheriff's Office 	Y
oh-btso 	Ohio 	Butler County Sheriff's Office 	Y
oh-ccso 	Ohio 	Clark County Sheriff's Office 	Y
oh-clso 	Ohio 	Clermont County Sheriff's Office 	Y
oh-cltn 	Ohio 	Clinton County Sheriff’s Office 	Y
oh-csso 	Ohio 	Coshocton County Sheriff's Office 	Y
oh-cuya 	Ohio 	Cuyahoga County Sheriff's Office 	Y
oh-dcso 	Ohio 	Darke County Sheriff's Office 	Y
oh-frso 	Ohio 	Fairfield County Sheriff's Office 	Y
oh-fcso 	Ohio 	Fayette County Sheriff's Office 	Y
oh-fran 	Ohio 	Franklin County Sheriff's Office 	Y
oh-gcso 	Ohio 	Green County Sheriff's Office 	Y
oh-hcso 	Ohio 	Hamilton County Sheriff's Office 	Y
oh-hiso 	Ohio 	Highland County Sheriff's Office 	Y
oh-lick 	Ohio 	Licking County Sheriff's Office 	Y
oh-lcso 	Ohio 	Logan County Sheriff's Office 	Y
oh-lc 	Ohio 	Lorain County Sheriff's Office 	Y
oh-luca 	Ohio 	Lucas County Sheriff's Office 	Y
oh-mckj 	Ohio 	Montgomery County Kettering Jail 	Y
oh-mcso 	Ohio 	Montgomery County Sheriff's Office 	Y
oh-pcso 	Ohio 	Preble County Sheriff's Office 	Y
oh-shso 	Ohio 	Shelby County Sheriff's Office 	Y
oh-scso 	Ohio 	Summit County Sheriff's Office 	Y
oh-suwa 	Ohio 	Suwannee County Sheriff's Office 	Y
oh-tcrj 	Ohio 	Tri-County Regional Jail 	Y
oh-wcso 	Ohio 	Warren County Sheriff's Office 	Y
oh-wyso 	Ohio 	Wayne County Sheriff's Office 	Y
oh-wood 	Ohio 	Wood County Sheriff's Office 	Y
ok-ccso 	Oklahoma 	Cleveland County Sheriff's Office 	Y
ok-lcso 	Oklahoma 	Lincoln County Sheriff's Office 	Y
ok-ocso 	Oklahoma 	Oklahoma County Sheriff's Office 	Y
ok-rcso 	Oklahoma 	Rogers County Sheriff’s Office 	Y
ok-tcso 	Oklahoma 	Tulsa County Sheriff's Office 	Y
ok-wcso 	Oklahoma 	Woods County Sheriff's Office 	Y
or-clac 	Oregon 	Clackamas County Sheriff's Office 	Y
or-ccso 	Oregon 	Columbia County Sheriff's Office 	Y
or-dcso 	Oregon 	Deschutes County Sheriff's Office 	Y
or-jcso 	Oregon 	Jackson County Sheriff's Office 	Y
or-lcso 	Oregon 	Lincoln County Sheriff's Office 	Y
or-linn 	Oregon 	Linn County Sheriff's Office 	Y
or-mcso 	Oregon 	Marion County Sheriff's Office 	Y
or-mucso 	Oregon 	Multnomah County Sheriff's Office 	Y
or-wcsc 	Oregon 	Washington County Sheriff’s Office 	Y
or-ycso 	Oregon 	Yamhill County Sheriff's Office 	Y
pa-bcso 	Pennsylvania 	Butler County Sheriff's Office 	Y
pa-cent 	Pennsylvania 	Centre County Sheriff's Office 	Y
pa-phil 	Pennsylvania 	George W. Hill Correctional Facility 	Y
pa-wmlc 	Pennsylvania 	Westmoreland County Prison 	Y
sc-abso 	South Carolina 	Abbeville County Sheriff's Office 	Y
sc-acso 	South Carolina 	Aiken County Sheriff's Office 	Y
sc-adso 	South Carolina 	Anderson County Sheriff's Office 	Y
sc-bcso 	South Carolina 	Bamberg County Sheriff's Office 	Y
sc-beauf 	South Carolina 	Beaufort County Sheriff's Office 	Y
sc-brso 	South Carolina 	Berkeley County Sheriff's Office 	Y
sc-chso 	South Carolina 	Charleston County Sheriff's Office 	Y
sc-chrk 	South Carolina 	Cherokee County Sheriff's Office 	Y
sc-ccso 	South Carolina 	Chester County Sheriff's Office 	Y
sc-ccpc 	South Carolina 	Chesterfield County Prison Camp 	Y
sc-clso 	South Carolina 	Colleton County Sheriff's Office 	Y
sc-dcdc 	South Carolina 	Dillon County Detention Center 	Y
sc-ecdc 	South Carolina 	Edgefield County Detention Center 	Y
sc-fcso 	South Carolina 	Fairfield County Sheriff's Office 	Y
sc-grso 	South Carolina 	Georgetown County Sheriff's Office 	Y
sc-gcso 	South Carolina 	Greenwood County Sheriff's Office 	Y
sc-hcsd 	South Carolina 	Hampton County Sheriff's Dept 	Y
sc-hcso 	South Carolina 	Horry County Sheriff's Office 	Y
sc-jcso 	South Carolina 	Jasper County Sheriff's Office 	Y
sc-kcso 	South Carolina 	Kershaw County Sheriff's Office 	Y
sc-lcejdc 	South Carolina 	Laurens County (R. Eugene Johnson) Detention Cente 	Y
sc-lcdc 	South Carolina 	Lexington County Detention Center 	Y
sc-mcj 	South Carolina 	Marion County Jail 	Y
sc-mcdc 	South Carolina 	Marlboro County Detention Center 	Y
sc-ncso 	South Carolina 	Newberry County Sheriff Office 	Y
sc-nmbpd 	South Carolina 	North Myrtle Beach Police Department 	Y
sc-ocon 	South Carolina 	Oconee County Sheriff's Office 	Y
sc-ocso 	South Carolina 	Orangeburg County Sheriff's Office 	Y
sc-pcpc 	South Carolina 	Pickens County Prison Camp 	Y
sc-scso 	South Carolina 	Saluda County Sheriff's Office 	Y
sc-spar 	South Carolina 	Spartanburg County Sheriff's Office 	Y
sc-sumt 	South Carolina 	Sumter County Sheriff's Office 	Y
sc-ucso 	South Carolina 	Union County Sheriff's Office 	Y
sc-wcj 	South Carolina 	Williamsburg County Jail 	Y
sc-ycdcjc 	South Carolina 	York County Detention Center/Moss Justice Center 	Y
sd-ccso 	South Dakota 	Clay County Sheriff's Office 	Y
sd-mcso 	South Dakota 	Minnehaha County Sheriff's Office 	Y
tn-ccso 	Tennessee 	Cannon County Sheriff's Office 	Y
tn-cart 	Tennessee 	Carter County Sheriff's Office 	Y
tn-c 	Tennessee 	Clay 	Y
tn-cksd 	Tennessee 	Crockett County Sheriff's Department 	Y
tn-dysd 	Tennessee 	Dyer County Sheriff's Department 	Y
tn-fysd 	Tennessee 	Fayette County Sheriff's Department 	Y
tn-f 	Tennessee 	Franklin 	Y
tn-gcso 	Tennessee 	Giles County Sheriff's Office 	Y
tn-gcsd 	Tennessee 	Greene County Sheriff's Department 	Y
tn-grsd 	Tennessee 	Grundy County Sheriff's Department 	Y
tn-hcso 	Tennessee 	Hamilton County Sheriff’s Office 	Y
tn-jcso 	Tennessee 	Johnson County Sheriff's Office 	Y
tn-kcso 	Tennessee 	Knox County Sheriff's Office 	Y
tn-lcso 	Tennessee 	Loudoun County Sheriff's Office 	Y
tn-mcso 	Tennessee 	Marshall County Sheriff's Office 	Y
tn-mrsd 	Tennessee 	Moore County Sheriff's Department  * 	Y
tn-mcsd 	Tennessee 	Morgan County Sheriff's Department 	Y
tn-rhea 	Tennessee 	Rhea County Sheriff's Office 	Y
tn-rcso 	Tennessee 	Roane County Sheriff's Office 	Y
tn-rbso 	Tennessee 	Robertson County Sheriff's Office 	Y
tn-rusd 	Tennessee 	Rutherford County Sheriff's Department 	Y
tn-scso 	Tennessee 	Shelby County Sheriff's Office 	Y
tn-scsd 	Tennessee 	Smith County Sheriff's Dept 	Y
tn-tipt 	Tennessee 	Tipton County Sheriff's Office 	Y
tn-wlso 	Tennessee 	Williamson County Sheriff's Office 	Y
tn-wcso 	Tennessee 	Wilson County Sheriff's Office 	Y
tx-acso 	Texas 	Angelina County Sheriff's Office 	Y
tx-brso 	Texas 	Brazos County Sheriff's Office 	Y
tx-bcso 	Texas 	Brown County Sheriff's Office 	Y
tx-clhn 	Texas 	Calhoun County Sheriff's Office 	Y
tx-cc 	Texas 	Cameron County Sheriff's Office 	Y
tx-chso 	Texas 	Chambers County Sheriff's Office 	Y
tx-ckcj 	Texas 	Cherokee County Jail 	Y
tx-ccso 	Texas 	Collin County Sheriff's Office 	Y
tx-comal 	Texas 	Comal County Sheriff's Office 	Y
tx-dlso 	Texas 	Dallam County Sheriff's Office 	Y
tx-dc 	Texas 	Dallas County Sheriff's Department 	Y
tx-dcso 	Texas 	Denton County Sheriff's Office 	Y
tx-ector 	Texas 	Ector County Sheriff's Office 	Y
tx-ellis 	Texas 	Ellis County Sheriff's Office 	Y
tx-ecso 	Texas 	Erath County Sheriff's Office 	Y
tx-fbco 	Texas 	Fort Bend County Sheriff's Office 	Y
tx-gppd 	Texas 	Galena Park Police Department 	Y
tx-galv 	Texas 	Galveston County Sheriff's Office 	Y
tx-gcso 	Texas 	Garza County Sheriff's Office 	Y
tx-gcs 	Texas 	Gregg County Sheriff 	Y
tx-gdlp 	Texas 	Guadalupe County Sheriff's Office 	Y
tx-hcso 	Texas 	Harris County Sheriff's Office 	Y
tx-hays 	Texas 	Hays County Sheriff's Office 	Y
tx-hlso 	Texas 	Hill County Sheriff's Office 	Y
tx-hdso 	Texas 	Hood County Sheriff's Office 	Y
tx-hwrd 	Texas 	Howard County Sheriff's Office 	Y
tx-htcj 	Texas 	Hunt County Jail 	Y
tx-hpd 	Texas 	Hurst Police Department 	Y
tx-jkcj 	Texas 	Jackson County Jail 	Y
tx-jcso 	Texas 	Johnson County Sheriff's Office 	Y
tx-kcso 	Texas 	Kaufman County Sheriff's Office 	Y
tx-kerr 	Texas 	Kerr County Sheriff's Office 	Y
tx-klso 	Texas 	Kleberg County Sheriff's Office 	Y
tx-lcso 	Texas 	Lamar County Sheriff's Office 	Y
tx-mans 	Texas 	Mansfield County Sheriff's Office 	Y
tx-mdcj 	Texas 	Midland County Jail 	Y
tx-mcso 	Texas 	Montgomery County Sheriff's Office 	Y
tx-mrcj 	Texas 	Moore County Jail 	Y
tx-ncso 	Texas 	Nacogdoches County Sheriff's Office 	Y
tx-pear 	Texas 	Pearland County Sheriff’s Office 	Y
tx-pcso 	Texas 	Polk County Sheriff's Office 	Y
tx-ptcj 	Texas 	Potter County Jail 	Y
tx-rcso 	Texas 	Rockwall County Sheriff's Office 	Y
tx-bcsd 	Texas 	Sheriff's Department of Bell County 	Y
tx-scso 	Texas 	Smith County Sheriff's Office 	Y
tx-tc 	Texas 	Tarrant County Sheriff's Office 	Y
tx-tlr 	Texas 	Taylor County Sheriff's Office 	Y
tx-tts 	Texas 	Titus County Sheriff's Office 	Y
tx-green 	Texas 	Tom Green County Sheriff's Office 	Y
tx-trso 	Texas 	Travis County Sheriff's Office 	Y
tx-tcso 	Texas 	Trinity County Sheriff's Office 	Y
tx-vzcso 	Texas 	Van Zandt County Sheriff's Office 	Y
tx-wcso 	Texas 	Waller County Sheriff's Office 	Y
tx-chcj 	Texas 	Wharton County Jail 	Y
tx-wilco 	Texas 	Williamson County Sheriff's Office 	Y
tx-wise 	Texas 	Wise County Sheriff's Office 	Y
tx-wood 	Texas 	Wood County Sheriff's Office 	Y
ut-dcso 	Utah 	Davis County Sheriff's Office 	Y
ut-slcs 	Utah 	Salt Lake County Sheriff's Office 	Y
ut-scso 	Utah 	Sanpete County Sheriff's Office 	Y
ut-utah 	Utah 	Utah County Sheriff's Office Corrections Bureau 	Y
ut-wcso 	Utah 	Weber County Sheriff's Office 	Y
va-acso 	Virginia 	Accomack County Sheriff's Office 	Y
va-abso 	Virginia 	Albemarle County Sheriff's Office 	Y
va-alsd 	Virginia 	Alleghany County Sherrif's Dept 	Y
va-acsd 	Virginia 	Augusta County Sheriff's Dept 	Y
va-brrjh 	Virginia 	Blue Ridge Regional Jail, Halifax 	Y
va-bcso 	Virginia 	Botetourt County Sheriff's Office 	Y
va-bso 	Virginia 	Bristol Sheriff's Office 	Y
va-cvrj 	Virginia 	Central Virginia Regional Jail 	Y
va-wcj 	Virginia 	Charlotte County Jail  * 	Y
va-cpso 	Virginia 	City of Portsmouth Sheriff's Office 	Y
va-cwccso 	Virginia 	City of Williamsburg/James City Co Sheriff's Office 	Y
va-ccso 	Virginia 	Culpeper County Sheriff's Office 	Y
va-dcso 	Virginia 	Danville County Sheriff's Office 	Y
va-fair 	Virginia 	Fairfax County Sheriff's Office 	Y
va-fcso 	Virginia 	Franklin County Sheriff's Office 	Y
va-hcj 	Virginia 	Hampton City Jail 	Y
va-hcsd 	Virginia 	Henry County Sheriff's Dept 	Y
va-lcadc 	Virginia 	Loudoun County Adult Det CTR 	Y
va-mrso 	Virginia 	Martinsville County Sheriff's Office 	Y
va-mrrj 	Virginia 	Meherrin River Regional Jail 	Y
va-mprsc 	Virginia 	Middle Peninsula Reg. Sec. Ctr. 	Y
va-mcso 	Virginia 	Montgomery County Sheriff's Office 	Y
va-nrvrj 	Virginia 	New River Valley Regional Jail 	Y
va-nncj 	Virginia 	Newport News City Jail 	Y
va-nrflk 	Virginia 	Norfolk County Sheriff's Office 	Y
va-ncso 	Virginia 	Northampton County Sheriff's Office 	Y
va-nnrj 	Virginia 	Northern Neck Regional Jail 	Y
va-nradc 	Virginia 	Northwest Regional Adult Detention Center 	Y
va-pgso 	Virginia 	Page County Sheriff's Office 	Y
va-pjms 	Virginia 	Pamunkey Regional Jail 	Y
va-pcso 	Virginia 	Patrick County Sheriff's Office 	Y
va-pgcj 	Virginia 	Petersburg City Jail 	Y
va-prj 	Virginia 	Piedmont Regional Jail 	Y
va-ptso 	Virginia 	Pittsylvania County Sheriff's Office 	Y
va-pcj 	Virginia 	Portsmouth City Jail 	Y
va-pwcso 	Virginia 	Prince William County Sheriff's Office 	Y
va-rrj 	Virginia 	Riverside Regional Jail 	Y
va-rnso 	Virginia 	Roanoke City Sheriff's Office 	Y
va-rcso 	Virginia 	Rockbridge County Sheriff's Office 	Y
va-rcj 	Virginia 	Rockingham Regional Jail 	Y
va-shcj 	Virginia 	Southampton County Jail 	Y
va-srj 	Virginia 	Southside Regional Jail 	Y
va-scsor 	Virginia 	Stafford County Sheriff's Office/Rappahannock Regional 	Y
va-scsd 	Virginia 	Sussex County Sheriff's Dept 	Y
va-vbso 	Virginia 	Virginia Beach Sheriff's Office 	Y
va-wtrj 	Virginia 	Western Tidewater Regional Jail 	Y
va-wvrj 	Virginia 	Western Virginia Regional Jail 	Y
wa-cc 	Washington 	Clark County Sheriff's Office 	Y
wa-ccso 	Washington 	Cowlitz County Sheriff's Office 	Y
wa-kc 	Washington 	King County Department of Detention 	Y
wa-kcso 	Washington 	Kitsap County Sheriff's Office 	Y
wa-lcso 	Washington 	Lincoln County Sheriff's Office 	Y
wa-lwso 	Washington 	Lynnwood County Sheriff's Office 	Y
wa-mcso 	Washington 	Marysville County Sheriff's Office 	Y
wa-pcj 	Washington 	Pierce County Jail 	Y
wa-skag 	Washington 	Skagit County Sheriff's Office 	Y
wa-scso 	Washington 	Snohomish County Sheriff's Office 	Y
wa-spso 	Washington 	Spokane County Sheriff's Office 	Y
wa-tcso 	Washington 	Thurston County Sheriff's Office 	Y
wa-wcso 	Washington 	Whatcom County Sheriff's Office 	Y
wv-rj 	West Virginia 	West Virginia Regional Jail 	Y
wi-barr 	Wisconsin 	Barron County Sheriff's Office 	Y
wi-bcso 	Wisconsin 	Buffalo County Sheriff's Office 	Y
wi-dcso 	Wisconsin 	Douglas County Sheriff's Office 	Y
wi-jcsd 	Wisconsin 	Jefferson County Sheriff's Dept 	Y
wi-knsh 	Wisconsin 	Kenosha County Sheriff's Office 	Y
wi-lcsd 	Wisconsin 	La Crosse County Sheriff's Department 	Y
wi-mcs 	Wisconsin 	Milwaukee County Sheriff 	Y
wi-pcj 	Wisconsin 	Pierce County Jail 	Y
wi-pcs 	Wisconsin 	Polk County Sheriff's dept 	Y
wi-rcs 	Wisconsin 	Racine County Sheriff 	Y
wi-wcsd 	Wisconsin 	Wood County Sheriff's Dept 	Y
wy-scso 	Wyoming 	Sweetwater County Sheriff's Office 	Y
wy-tcso 	Wyoming 	Teton County Sheriff's Office 	Y